x1,x2,x3,x4,x5,x6,x7,x8,x9,x10,x11,x12,x13,x14,x15,x16,x17,x18,x19,x20,x21,x22,x23,x24,x25,x26,x27,x28,x29,x30,y
0.2566587307122617,-1.7144858954961215,-0.7138194972187111,0.7718742923698284,-0.279676831132893,-0.5120614193191271,1.4008818603129667,-1.0472871463838105,-0.7981533577548339,0.21138647504826755,0.39045493205388226,0.4963430343407315,0.9112380445689469,0.19857862068151685,0.48938393893840915,-0.2592092593150832,0.06269830323671424,0.10753418005363442,0.21509813581903608,0.7725398075827608,0.555145681944831,0.0442170029001831,-0.8091259849410398,0.06767125806270954,-0.028017784895743934,0.19318157981319836,2.206525307140402,-0.5237727785412354,0.42228901912535954,1.0684620672442982,-3.7310795060563136
0.09800191409938289,2.337845119172165,-0.3780392917314767,0.32408922232004705,-0.798805744892982,-0.35152473514329313,0.2489339103966579,0.8463040623077297,0.3190948340235742,1.259114849334736,-0.09496531059267174,-0.33216852983900536,2.7039851072793866,0.39423764944203077,-0.7194815459785476,-0.6942637622480688,-0.9426799145313405,0.9365693558567879,-0.36437729289324183,0.12736247565648562,-0.06350867443826871,0.7314924079409346,-0.8467440928840201,-1.0755722861430155,0.22429730718159427,0.600959284699897,0.33253231309764075,-0.8094537290973276,0.6774848420913938,-0.7438609270956342,15.27554747956616
-0.5215386447863833,-0.9439535247220022,1.3011583486520308,0.6334215410273492,0.6049933756788733,1.2472114211424503,2.8126492482387233,-1.7092261039101555,-0.7383765808771081,-0.6161750841745238,-0.8508196223826928,-1.0775832476037126,-0.2996530640553656,-1.216603715289405,0.3350423675374132,0.051698321428614635,0.4810286647636553,0.5077284516382525,0.6030068534266765,-0.3734089368238823,2.1211434026336673,0.23443111648209775,-1.862484752624795,-1.0023757457662175,-1.7405029890278156,0.01733462915130733,-0.12180522405333363,-0.4684256978994578,2.010926112400514,0.5489828740769108,-7.464479036036382
0.7260983614463344,-0.9310734879421032,-0.9991448913310123,0.03680549909695475,0.17300713965222583,-1.856311567114457,-0.18030702284953407,0.014072082873504806,-0.21514916577112894,-0.8133904123466764,-0.53953518192114,-0.17685919357279603,0.09080002361004777,0.604791582550568,1.0808562049508712,-0.2943477235272498,-0.45615619611535785,0.43765567353430623,0.6108449164108543,-0.4342004332588856,0.7903934769661722,0.9795853411559731,1.291686465658673,1.7783209067198225,-0.8664161386594389,0.01389820933251119,0.011277696618660139,-0.0980735685325076,-0.6492629196101362,-1.4855620032310715,-2.7985966628373893
0.0926794460290038,-0.7683556595479125,0.085993480747625,-0.7940435416988534,-1.0996583458443414,0.2342983603768977,0.15092152680649595,0.579281971320933,2.1858637664176253,0.2772895312108468,0.4850817670641296,-1.0775613288673254,-1.2869074405363745,1.5828294467733337,-0.9234797799333037,-1.043944071468642,-0.03909892121655298,-0.09019241337738836,-0.9025065064432917,-0.3049732187131,1.2293757176501043,-0.8059936088317976,-1.3936724843661716,0.9425936208997923,0.4922969119380367,-0.6205186206486616,-1.582167016126918,-0.7446233564385631,-0.05470443684927131,1.165672089883819,0.30619597706913815
-1.036581974869657,-0.08451988151147344,0.675144659894898,-2.3812673401219207,1.0337861679388998,-1.1824505722064373,0.3319954934569346,0.24668314961074406,1.084586391463845,0.5509243808935403,-2.377290491729981,-0.7847792471559913,0.13820512935328008,-0.19497988611978695,0.47761072975677044,0.7893665556697054,0.6084517364296791,-0.21427494255446522,-1.8463370111204804,-0.4554812488548173,0.4163681481389552,-1.0904472525504776,0.6312747301215763,0.9083932972673044,0.12686697629584257,-3.063779866312396,-1.2780883627118034,1.8861891585560817,-0.546537793028378,-1.984143223128996,1.16141856543785
1.2352473883102724,0.013355591543672855,1.1049404889577255,0.2769586752193653,0.4585591362121688,0.3630092477145166,0.697488311921,2.2774304485560983,0.9710063359591881,-1.580339317845535,0.4466615152789034,1.1414807681032177,1.202700806536146,-0.42660498305909955,1.1649444451881277,0.9277423995512052,2.57251743696973,-0.7500017362485115,-0.5074005764004252,-0.3061190484599539,-0.4902221500387753,-0.890020749763603,-2.762675505673743,-0.4346994737231341,0.36935805969990443,-0.4932218455059107,1.9353811835291097,0.013375812715862578,1.2910290551841355,0.26142041272996835,6.233157210942526
0.826407309893258,0.27924155393356226,1.3687846319035628,0.05593935013240072,0.4961207080887857,0.3663329336500437,-0.2882854581273188,0.4049823189246768,2.234386246197682,-0.270396942095442,0.4194648928532483,1.2577789508694428,1.1402532809442802,0.011716417719365251,-2.3833887029573617,0.5167028186484662,-2.2194742586230527,1.469937230941231,0.16947387119326057,0.999674019871989,-0.9021111381810512,-1.5525074733000543,0.2607543841411672,-0.03360343995614198,-0.4915408261571657,0.08466128073276377,2.76743589203226,0.8345255473690577,1.049498605863319,0.8439368915533556,2.6499178347156165
1.4794621438521929,-0.1900716729007449,-2.0547613076752937,-0.1885861330060098,0.8117357099965018,-0.9698003951150737,-0.17636595048933035,-0.6917697430023131,1.5020292518431304,0.7494570154065637,0.651540620643959,0.6216013131209713,-0.037249252552126945,0.1975562825275035,-1.1851845805323176,-2.1864419787505676,0.15008113034502407,0.3239902562721444,1.2092645684253776,1.5713358160823676,1.5699984849989468,-0.9980235932938778,-0.3522650349497693,0.48033429588137955,2.5319046777421774,1.480099203713916,1.1193971619983802,-0.3877879555492906,-0.8831996311551246,0.7889078833832395,-5.523194892671555
-1.10066126423436,-0.23843635098030264,-0.11477794900192263,1.592912089122808,-0.35469730295967755,-2.4392496385726155,0.5044446476624683,-0.6990218531039264,0.042631024437746814,-0.08670470084212364,-0.2737039958177683,0.7903405817847039,-1.5328648783527072,-0.5170142249543602,0.6840379131173813,-0.6140847753443682,-1.6088067092699718,0.6685553432567358,1.123094630441539,-0.04499520764300634,-1.9608455984695325,0.7059697466988162,-1.659887881419688,0.3087992768481657,-0.8874638247421598,-1.1598392857669653,-0.4419100170796902,-0.18329755642725984,-0.6442082503864482,0.5887032782151507,-3.347786536036423
-0.44606937845883377,0.980190871671822,0.28117316564347944,-0.697557206596308,-0.8659398838322859,-1.6474962990474387,0.2907331778668224,-0.3545875472513581,-2.3721955280635143,-0.5357148727694001,-0.901034029254952,1.5756775921706603,-1.7027786118933097,-1.4413507997340538,1.1099696431056998,1.3567631574639631,-0.7449829387256415,-0.6320858228089109,0.6162353965533128,-2.32709979694531,-1.8611936845055561,-0.28073340085071186,1.549890566129126,-0.4357300881667396,0.10093679173515462,1.133789272564012,2.106884733278146,-0.5768484731483126,-0.016836723733426057,1.8220552213428425,-3.47956283954996
-1.5221992751914284,1.0275810705538218,-1.0183155323612583,0.10247236710315673,-0.24261904740027426,-0.9580116007012293,-0.9831019276582751,0.2764143642537545,0.9955393281626821,-0.1297362031885032,0.07011315873321637,0.5711740662910472,-0.9716187730129598,0.739692508412923,0.819343097059747,2.60362629875041,-0.3761041905595823,-0.4580818016681276,0.7689658715737455,0.8191041689121383,-0.535087153376712,-0.40316267693004887,0.5411308382180404,-0.8275842407346614,-0.4105339880150149,0.08959276736843465,0.9959386848222581,-0.6045986161795408,-1.842384462030672,-1.916597467518211,0.8331865164548244
-1.2594130667061334,-1.3131677181999373,-0.15461075861990903,-1.188880153597605,-0.7027549598212041,-0.7740858849820498,-0.4405078608479934,1.3225043315231224,0.6619475894305167,0.016129415276003874,-0.4610262805808381,-0.4332326566230212,0.3277464699519495,0.5841690733522902,-0.9076175061006004,0.03648075561423148,-2.031619568663027,0.21171378417059702,0.762149241958686,-0.2800686268808754,1.8165269961401054,-0.8812384474360504,0.21744041530326128,-0.035824746665955476,-0.10029766744340833,-0.11432216800474763,0.10710503000947168,0.8479587434636998,1.3777362362747443,-0.0022502445041573905,1.029369541885322
0.8153160721716332,-0.7017669462667825,0.765955452726233,-0.7619915238269903,1.0906599360881322,2.2106408773932396,-0.12208388797139179,-2.1925434908074086,-0.548072933244823,1.2318751342893033,0.5530767870252449,0.24891359867502955,1.008668355954839,0.484453439248422,1.2177251874511363,0.9194236766469855,1.5217004527369589,0.35879608390625434,0.9052594014939547,-0.3071270730857854,-0.6014608115590059,1.7067676404189733,0.21620467632268803,0.804880565862379,0.12374001441139017,-0.5865156509199643,0.010982892582401323,1.4359940177677142,0.555240074279424,-1.711473159730459,-5.61580087749009
-0.2152444565761547,1.782293792704712,-0.21379686184995605,-1.8004786917341806,1.8930488854225436,0.6823925098127926,-0.0700128588128004,-0.37141773608206863,1.0823519297917354,-0.5419834002261925,1.1482564245159883,0.542195285724256,0.24468192548734993,0.14551480533559535,-0.17496803671417813,1.0456401202092658,-0.8653428321018342,-1.6219251268302093,0.6144401228924746,0.6312383280671477,0.4802411525117667,0.4077283696180388,-0.32054037833754784,0.7874827043855253,-0.04555812675454088,-0.4871135608151781,-0.3118913122553999,2.020639698775832,-1.7349760820454327,0.49978810429579884,2.898425939529975
-1.6791104276237172,-0.10823333832297323,-0.4336274851541877,-2.085028296679878,0.389037590433763,-0.3800380621921959,-2.099206342561244,0.8395680907742521,1.435006177988935,1.490124342296572,0.35895644065147114,0.04605813857711549,1.328156620895797,1.6823835853400984,1.133568702875625,-0.9415376022298011,0.2013448532149219,0.4395161442914286,-1.8096169689172292,0.4693606596207741,2.272991825979389,0.6399361658007914,1.4734130814417563,0.18291473012870507,-0.07321832398382148,0.3812713900809755,-0.8158266479844326,-0.9637751872343886,1.2663045571693656,1.3723423428665182,3.146712493847716
-0.9911063155873504,0.9679988045538644,-0.08695997560602091,0.33980857449043056,0.4602186394350634,0.9943504681243184,0.08271820186318887,1.410161995301936,0.30941283975992473,0.6241842724695326,-0.8332625915372465,2.158659010704834,0.4698249232049664,0.7129974253450992,-1.6081858112115415,-0.822702023079101,1.2378836879187305,0.2868911182926047,-1.913779734828926,1.038289928983819,-0.5437828043527234,1.411316985876712,-0.08783567860369966,0.20470668602052994,1.1789545785916484,-0.8974929708546623,-0.9928468078339396,-0.19649842039810733,0.8271727996212221,-1.3308772526134907,6.753125973181828
-1.6680345998890966,0.8237209270437923,-0.6029783125670037,-0.3922260129202831,-1.8568104019401659,-0.6789793143519821,-0.007567296631150636,0.9303778576228922,-0.7712301662346388,1.6573761202324966,-0.6845560241798007,-0.6830918015851747,1.5373575518978022,0.21146015236391716,-0.5520247290115766,-0.15513313118059344,1.3530735775420593,1.4662028196256818,-0.816793179270256,-0.042433810079108215,0.09015682766757308,-0.9862401105165975,-0.05568505264999431,0.005322860451700487,1.1402094789367356,1.207425028311201,-0.32920939835900803,-0.21395314386081168,0.6642923020556356,-0.5851884489270115,10.326526724629923
0.5886401517374027,-0.08790648736921473,-0.9693985777386207,-0.9568367128796466,1.447058696031102,-0.1564214791432986,1.640354093898311,-0.5136362607149101,0.2912052011314934,2.3926767230182415,-1.0573867446632792,-1.8978144998997766,1.2865901312872332,-0.8268091053930736,-0.020706364106233777,-0.5859182104515849,0.2681627809553161,-0.9505362071857422,-0.1799400878833061,0.4498153265565342,-1.008308886274262,-0.7000840296458889,-0.3473828335985318,-1.4288154342262782,-0.4225609827987464,0.11879653990290184,-0.39954894158842846,-0.27137649293172456,-0.019901670906585355,-0.655743462432314,-1.0494246103249842
0.6910625658668772,1.4359781248017758,-0.46438039219544847,0.4851982314777071,-0.23961715543464693,0.3654873450385047,1.5657795312032543,0.5086595430180988,-1.7734145388096807,0.4539956314469589,1.2328637433090093,-0.2215961699981027,0.9956348061178324,-0.690115541151946,-1.4855391595222738,0.14116901883264016,-1.7564767207463141,-0.23977101289359176,1.286842262645503,-1.9097629057462808,-1.2794967959138979,-1.0320322451615775,-0.06331985971095996,-0.36571678564620924,1.3991363816960873,0.9543483290916974,0.49527294606859795,0.14563031434388482,0.3932297769848273,-0.861982355313375,5.99132806808877
0.8572103535566122,-1.112044254359201,0.8353769939022309,1.186142502118831,0.2108646020880872,-0.17621305896197587,0.4003099083096733,-2.861518370100673,0.30225821848546125,-0.11335399783980703,-0.05062811305699102,0.7065325128978275,-0.07476892156472781,-1.140206856651158,-0.14140267082537805,0.06755548408082447,0.11493391158101274,0.16191936728506806,1.0393690449185533,-1.0860345530341475,0.17570045616484992,1.289929698618241,-1.7346114969371953,0.17964668078005355,-0.5853785019730434,-0.37071038447310495,-0.904807503214422,-0.16955071570044408,1.8412556144269043,-1.2644303611772136,-8.762737172952374
-1.1696100024788274,-1.3019345701635046,1.727418286628101,-0.46233970552128695,-0.025639060347674214,-0.4027829411062397,-0.9444228784030915,-0.2351506466144354,2.45824360573656,1.392070920974255,-0.8529378177922723,0.6475741030616857,-0.8315227726663764,-1.7763676388462208,1.0195109176646295,1.1600928466435507,1.0460522510478993,-0.46986524921957273,-0.16677573400198623,0.7497655536581233,0.3914960373481072,-0.3936374712970443,-1.6190718201181646,0.11387519414201226,1.0790096392361133,-1.1975882890341571,0.638759381675977,0.33154169513369264,0.7501482632323336,0.8719754997190072,-5.387203009980405
-0.694465241925353,-1.616959400164946,-0.5335195256828793,0.8891273175270074,-0.542003903525971,-0.6940433238576419,-1.8213503419246384,1.752647554550939,0.8257136414253099,0.7698959812747644,0.9677253867794737,0.5767083615434017,-0.24432885517952907,-0.16376410412220166,-0.4275643645921248,2.634740754415,0.5559120312994426,-0.46380044135143456,0.4654967741662798,-1.0108689178563175,1.504506718589227,-0.6610690958071401,0.5010854326224657,1.0659776297431345,0.3847685442049928,0.09446999181963821,0.010802084856015158,-0.056441096887107134,-0.5766984889275022,-0.44948342976970423,0.39857473608266236
1.479590373650935,-0.10853663268515668,-0.7857962693827731,-0.5162975968615086,1.100370680697223,0.6756066331644784,0.5603291782322569,-0.25752119890979147,0.5733624701729451,-0.643561124950648,-0.25961403134577454,0.9698044873917454,0.8742776789190644,-0.9819098459508032,-0.8555264529085758,0.10870215281340967,1.7261323746695099,-1.9155651644689942,0.27833293957050426,-1.3760433315731482,-0.6343309935255456,-0.3644284180642414,-0.4205083434368909,-0.5337959396592085,0.007207060376370152,-0.5352555666305784,-1.4624573848541527,0.7798696125227764,0.7528721671488805,0.843174310022669,-0.42128157726672927
-1.5407344962640819,0.29891815258415083,0.6759788558069234,-1.031202068439585,0.009173248182129144,-0.11626664531036575,1.8421506585682637,1.924496037012573,-1.6643563933302008,2.4939270057279894,-0.9152257211533239,0.9806732943274258,0.9704979808637308,-0.9956902268418067,0.493267793839099,-0.10753374426606396,0.5543300046323907,0.2306723023806257,1.196339485370247,0.07539954314606226,-0.16787406942631122,1.0960642330571804,0.5803959648586033,0.7318133943208879,-0.6645866722585968,-1.045262781398474,-0.5677221432527015,-0.6208213856805886,0.7861992686529143,0.9759840502940518,7.333380637913733
-0.15513028953240038,1.4309190188243524,1.3684693937651298,0.24339891640053923,-0.82189177154304,1.5753766494355401,-0.06101735102840823,0.1261651964309746,-0.33960502560656863,-0.8897903262971976,-1.4686394303152919,0.6328683235572881,-0.7834010538966204,3.0595312289968235,-1.086073582612479,-1.25738247498137,0.5101387156134412,1.5293134789672953,0.06458965694322165,0.5722424201872743,-1.8435474174587096,-0.6775115456917667,-1.073615729137567,-1.895045849947881,0.11698023402388695,-2.2428276216104335,-1.3221959660874487,-0.537193794013418,-0.8312858359510763,0.3964085022070677,8.10088794243119
0.30558019190248,0.8937987459354568,0.7523837327126781,1.1408127893613809,-0.0019184000090541567,0.3034669008166697,0.5115137019191913,0.1416566973910257,-0.3971943099170739,-0.3324425343397702,-0.8175583983299655,0.4216168299098296,-0.09401517408515554,-0.6631737506367649,-0.6622448193245927,-1.2103987277827886,0.9788413412371997,0.07861766953178756,-0.8628000195732701,0.8085477496020183,-0.560448809794373,-1.4065006270122327,1.021222289219133,-0.5370969895661131,-0.4088990902087895,0.04118002034917748,1.1425892227901149,0.020037290866311695,-1.1991171261452302,0.5438770041121802,3.182221642828024
-0.48498972426172404,1.8879239715294662,-0.0011197219978901704,-2.235035497898666,0.357364972155674,1.9445977922602284,1.5759202885453896,1.8309542887565653,-1.0197601853814635,0.9121523959767788,-0.7219945397367117,0.2242893994169245,-1.2729524287397325,-0.6444557648827163,-0.6762466973636153,0.8985552801426162,0.8007191216696554,0.2768197293308208,-1.3504214180553855,-0.31163943394972,-0.746116482942726,0.869675756694491,1.1781848528171845,1.056385586030883,-0.7552194194170205,-2.739533122289479,-1.7669618981300543,1.4216269780822084,-0.4012549393198239,-0.7507246182651125,9.124162631445564
1.642660293436234,1.2651599454883269,0.02444872191978665,-0.2934030910639739,-0.13210121281312523,0.22716279838746606,1.600047281319608,0.4224674242372267,0.7260290330391413,1.1692701090701714,-1.169676001024419,0.7548618924740429,-0.29456875466161137,-2.516095195772766,-2.128169541985812,-1.0181176115186856,0.5312232285925814,0.11379956534029644,0.184366707175664,1.950943482686692,-1.2690896148598123,-0.027433354183723595,0.3044355228138156,-0.7362731165383355,0.028326745082940964,-1.599949334084345,1.4099062172750279,-0.6816145525304338,2.031400164778503,-0.03247432391745505,6.103576351283173
1.0280535653991831,-0.05330286899115438,-0.03074383226052982,-0.5840293332220078,0.11912392936627762,0.31799869441404743,-0.7842585089151799,-0.1250444158598842,-0.6100988660571137,2.2996640696148387,-0.08973076991161853,1.5452321516965593,-0.19562233080768832,0.25928764153490796,-1.3213640716452693,-0.44707259186786463,0.21053467078924676,1.5860038309598667,0.22198277767627117,1.3837203611929991,0.6407291102029202,1.6274013394646858,-0.059042217305055426,2.390222710651804,-0.485396202914123,-0.766461834197669,-1.2100528496890341,2.3310246715580702,0.8194475726178976,-0.33412073338030845,-0.617748441401691
1.249022696873495,0.687692185117782,1.9661274713755903,-1.5478328327399113,-0.26536010831425455,-0.46252138394282544,-1.9736826764086015,1.060327204779694,-0.2703965558033584,0.7396312049865622,2.3597719343296117,-0.3532436918276083,-0.4211529826571552,0.11866416972399602,0.9872473529834096,-0.5667130253101499,-0.6309615971321306,1.0571892702413659,0.37863932383803556,-2.0447282630048207,-1.2253917994691081,1.5012358638272103,0.4019282830788125,-0.762195931037249,-0.17040965723498214,0.013236672801670204,0.7357333602801638,-1.3582633948587894,-0.8409491386704581,0.27295575486338886,4.0276361229353
-0.09983458049545033,0.5718591826367099,-1.2295073973595978,0.3571286762713211,1.0915836193774722,0.4868185471492834,0.13911173976159188,-0.09588360256597088,-0.8348511527715018,-0.07199859243978847,1.259705852880406,-0.11902850660012523,-0.8898039893484101,-0.4922470887653863,0.20085029727593015,-0.37351399718084694,0.4853032830631407,0.5228437607490304,0.8889831804046482,1.4235594722650329,0.9958587243723608,-0.9342390641479599,-0.9035344465762722,-0.07577147645982442,-0.4511753572394145,-1.1383267269609427,-0.44169179417299426,-0.474512933619039,-0.6718477397612058,-0.3157894861550056,-1.7941049504880715
1.178450850318331,0.19923804124923924,2.4718090760554694,0.17050818601964934,-0.29006577393725175,0.004132882654866092,0.25649197844354,0.43525395717106363,2.0767113258590237,-0.8453204649775686,0.8590460581777356,0.20775059761412384,-1.5710977425706176,0.7706987820947633,1.2676235608039048,-0.8571764037774298,-0.008933867891970693,-1.7253542620077036,-1.2588064596843365,1.0480295776172526,-0.4664165060074345,-1.1088029749380393,0.22946036445842968,-0.5224124314310232,-0.4708216577755361,0.7393260256749032,-1.1617333589343466,-0.9053652126818322,0.15407999214886864,0.9694097907482053,-2.9128261254316987
1.2381603014898497,-0.665061720361623,0.9373769669196479,-0.7841422934704089,1.8262093469068,-1.1337710254197284,1.328478810791731,-0.6564861068187239,2.0132464547946003,0.5913207288524843,-1.016016529408222,-0.5222384795425068,0.7811812052237417,1.0526444176155614,-0.07071559172446261,0.044658280963466405,0.7583530326440655,0.13179842701081995,-1.2935048593383758,-0.8129740246401806,0.23511994315166507,1.2154824164976936,1.6159824241620477,0.7795294207714503,0.28729076103636375,0.748813885982477,-0.6667508502068556,-0.15323096025821417,-0.8241307213394766,-1.2487426107077115,-8.483067453162462
0.33354901163620493,0.1855133065847436,0.6876524845090128,0.5461118308924472,0.24264427132386202,0.5566166656775543,-0.04268309622747663,0.4128913952224006,-0.7261444026863596,0.3697059256391301,0.6684176852860094,-0.6696814280722031,0.05183209899284673,-0.6236025096293596,-0.5265066965161149,-1.1249293551021546,1.2657749251665555,1.0656851747200478,0.5374338542273371,1.972195951943814,-0.18924569656839169,3.0317624151106344,-0.22752941536322038,0.25519335175601643,-0.39777791394020817,0.372325560060305,0.8356149278862445,-0.11391639305308393,1.7767198471176207,0.23914928463346072,0.32631660706587184
0.2704853861101991,-0.9089976945137175,0.4184990745503845,-0.1340272208093656,-0.6082397293372869,-0.7764744081483639,2.671763379756685,-0.2634772501790354,-1.4569854207812678,-0.6982214597325725,-0.051567839476213594,0.546667032616485,0.5547965217253135,0.6766145517765254,-0.6448603066373296,0.34044044350154545,-0.8760594641105784,-0.6196429830140117,-0.9177089745002595,-1.1883888545982695,1.0642094888580087,0.6886117009788877,0.9766653699781299,0.03931306602429631,0.7768076988651466,-1.761289404642545,0.8630875180453551,0.1771198300050302,0.6271096001491656,0.38002329904861315,2.0006102054474
-0.9870551545368866,-1.4980397753910466,-0.7120541661829632,0.5649172812729122,0.6900914151753954,-1.3679422773818628,-0.9810993674682146,-0.7232356859408393,-0.3573050602668157,-1.3620508308526522,-1.4220517661401326,-0.8218352964075539,0.08625383622500567,-1.1805943397534906,-0.11580350997176611,1.0585528161418154,-1.30177973741351,-0.20644575841053947,1.0247567337507726,-0.4182683903638093,-0.5736696908584189,1.1634958143064738,-0.30620207897154783,1.1044950252055679,0.4289653911271988,-0.34284465290983673,0.47969053059753036,0.3204495138460378,1.020882821002474,-0.5483455378650185,-7.138795028387335
0.041206066781619685,-0.061515679604637406,0.7041481416397848,-1.0251791944441757,1.016977048237856,0.4663287721704166,-1.3169250736329463,1.2082628254805003,2.2340930807977313,1.0018339695494078,1.4269847672264693,0.0853713816025881,-1.66150491973851,-1.8441204511675249,0.25508204386775846,-0.59197880772998,-0.9145762783273513,-0.06274668396867535,0.6155852878612882,-1.4527575467621472,-0.4488776202803848,1.5098706831203152,-1.0752883802213746,0.8697611871649563,-0.4847307615489939,0.5457937598499527,1.0973275072028672,0.7412817669850216,0.9091596022138765,-1.1515935334079561,-4.827347359254585
1.1136597067412988,-0.8526931146348199,0.2595417655715384,0.2582461869972269,0.48512255886958094,0.33695667606019053,-0.8438099785247232,-1.3498674122957162,0.8723486799617686,0.18583457751891555,1.1493768409578178,-0.04473293418786798,-1.4051643606769604,0.9661296810041061,-0.370370609661107,0.3420034574210212,-0.6474594284795192,1.6443017102336905,-0.8765648241831969,-0.33742975410617465,0.10744870269731638,-1.0921823270869582,0.33051952858759515,1.6119104774674902,-0.49046216069371046,0.3951428190317255,-2.7494353860385554,-0.03892920048484066,-0.31304228592620537,-0.8184976024103849,-9.136720642511705
1.081450469628532,-0.32624368162382816,-0.17747748709358746,-0.37719287478907115,-1.9168158717650765,-1.131986440076961,0.9610934861202163,-2.109950646879972,-0.7663153496157056,-0.3997200562897638,1.7436218672915653,0.768603765496369,-0.5571705270530996,1.304513697115551,-0.7405158205011196,1.0090998037340055,-1.3588772459230156,1.0732578317891572,-0.4061336454709856,-1.0285042409412697,-0.21714361307631405,0.27734417972021486,-0.49474843052571216,0.5539535059953238,-0.5829938836640675,0.6203723939313579,0.44222206203659953,-0.06092305470793503,-0.4413823123659498,0.15154079576526616,-1.4393708083161298
0.5502537430336992,2.0617991527316084,0.939420421798181,0.9759899498158413,3.0885121948602836,0.5159584767678441,0.4846435113117023,0.7040150743216541,-1.0089659775882531,-0.4439016364187562,-0.506169266692334,0.6476139772195617,-0.17417456222119868,0.1382234254743028,1.0874546201484645,0.8631507387041388,-0.16172100304124704,-0.6699950968782225,1.1352747316531886,0.7738911809098658,-1.6062568182953822,-0.3131539389082808,0.1655154620167624,0.7788297171210313,0.9101014949397712,0.2839060011754735,0.585247531358856,0.06413680237815363,-0.6738516881805606,-0.261264391041254,-0.5249704329269917
0.018991186640108272,-0.034679250018589874,-1.8855729044434706,-0.3974833349294312,0.05620565308915186,-0.281369991905701,-0.24682379551158573,0.4879913708045874,-1.0789571870486339,-1.6280422139512112,-0.3481697908366748,0.7641144055017897,1.6875530394866385,0.78212823909474,-1.4682637598688473,-0.23236723937677117,0.2566343810815294,0.1775911169235922,0.539304552942874,-0.9170489464607607,0.06494308755074261,0.420322829776129,0.8256709533036595,-0.805718166612792,-0.345156867242898,-2.7038176800733402,-0.6214619675777742,-0.524414892971043,-1.019584508167443,0.1656121502326517,8.161505513014502
-0.05594543204526823,-2.2592138775776114,0.21550796930175647,-0.9283241307890274,0.48568895919051513,-1.2818512477286654,0.03000653853094012,-0.2831633288865059,0.30310188495033036,0.12469727765134685,-0.25516417502145444,-1.5362723140442447,-1.4772079634610316,-0.583886939092219,-0.00827988392958697,-0.608247947199117,0.6252119305794656,-0.2792209192116837,-0.9650127247795103,-0.27809629298790933,0.22585983631655238,0.3248847188245844,1.8783791319931293,-0.6689093400034194,-0.07347866159040038,0.4261239468194264,-0.023422959200815323,-0.5006181459886532,-1.5492571763442435,-0.5108345590530156,-12.957599798489484
-1.073702412717801,-1.7266066811237784,-0.7956788416705864,-1.0470917207664545,0.5837865452929482,0.6010918374142937,-0.9038792895808748,-0.2602286305631211,-1.8582426621125354,-0.4943399501826941,0.3989819007023456,0.8249378896141027,-0.7130470816913138,1.0518548605275198,-1.5156919215134717,-1.2476277991437925,0.7096618656378763,1.6711212285632473,0.4934319881836954,-0.040342386534012425,-2.1951837465222086,-2.0224470560434793,0.12940953689586895,-0.35806266957117455,-1.105835182152118,0.06553258083005072,0.11513136750780958,0.9444158685402726,0.13660228301270078,1.2283943683343845,-9.818616033905727
0.007994029548813363,-0.11533499480733611,1.0643121862471823,-0.9784408800414345,2.8144474532661614,0.3752574781667358,0.3808292528376731,0.5250959739725976,1.8771364753316424,0.7925074116726066,-1.6050559790039236,1.4034703847675043,-0.3408965794450173,0.10715507283932346,-1.2792539721752665,0.5262020181238957,-0.6513742900675522,0.10016963799347375,-0.284099005360783,1.9250128017358519,1.9822603001455896,0.046513170214741384,0.06397771136885474,-0.37344296634951507,1.1060062915027862,-0.32891987033337716,-0.4213372746456993,0.9785928636649645,-0.5382990953166494,-0.03775503444853058,-7.286700041053791
-1.5813107815109928,0.7041903451231669,1.9408669391818687,0.7212253727997919,1.461799167547305,-0.8461021361773309,0.2363242820282007,-0.9431599243693896,-0.22776554558134285,0.7722114773525048,0.10182061310329862,-1.4126410226012216,-1.3150291055377534,-1.3811639314907738,0.4914525899395903,2.0638945356566682,1.3624582440002129,-1.8959851991460643,1.421075938069784,0.9364004170146472,-1.5452999455287577,-0.3032016167104975,1.0955224114958095,0.5504335109347853,-1.3090950523879856,0.6107421557961942,-2.1375005960805877,-0.22282217575721136,1.1379567694000488,0.018394215571319834,-7.029141918104443
-0.4989375499619459,0.8893462537723492,0.9747518150865815,1.3100396928669502,0.8743424284463873,1.0813747939371465,0.7329085574375346,0.26552864911647195,0.08950899976381409,-0.237259719097402,-1.2123682930597257,-0.9553115088198088,-0.28201448193520967,0.2414521596024293,1.4408125980042632,-0.04179722787551253,1.003476290877664,1.0793156564321207,-0.231446797688791,0.5946902113701839,-0.2435280417248615,1.3221358940784769,0.6358433382659322,-1.1904837546883553,0.16152465215384673,1.6481121618238797,-0.18123103454670117,0.44771503009506813,0.5458788377391453,-1.0366228991646005,-2.918751966035035
0.5107079492135139,-1.3938351520346257,-0.6256241064013961,1.075722967494192,0.356756290308358,-0.304477807746527,0.44646102124518744,-0.060092247755131445,0.012578502351833248,0.6568185267201376,-0.7273677406591319,0.040336405554690695,-0.3122681946066529,-1.5856033746002556,-0.9204557562492998,1.5682064470638322,0.38472331458523407,-1.3235883014013892,-1.5403543758484106,-0.11216390011058394,1.5611865331764823,-0.18675813480435263,1.306999553404016,0.3519307708186574,0.47125045784589364,-1.3357205093045694,0.9375229217497576,-0.3349320372736072,0.8630924536109083,-0.814169981986113,-3.768914352894348
0.1770493475099125,0.3520029539376315,-0.15403331657586652,0.4045451930861567,-0.26639707519250877,-0.6490597530412794,1.6054833827939645,1.0489528663614422,-0.7608647450481768,0.5684443055946129,-0.742678854701153,-1.1846846436623242,1.0338094413989762,-1.7040996256474057,0.9268559135765412,-0.2527223125730585,-0.21154660308052864,0.4097512196232897,0.5811988119942524,-0.8263431768289082,0.7177256087500634,0.1133705380252234,-1.2560547928680381,-0.1698744835797392,1.3812790155589258,1.6765947982456966,0.7173484576086773,-1.19034348816837,0.4906069024558882,0.8508609038591928,2.404148605042101
0.7257079833187221,0.7849542886879182,0.3632630792475308,-0.0724123388305437,-0.6083674959040184,-1.8979355185014963,0.33964176671335083,0.18605284365218855,0.5575758428248162,-1.3375436932928941,0.6450166893150603,2.054545094620777,0.07845013077791134,-0.06166531920654083,0.309002356085701,2.032337024710338,-1.023647761699891,0.20320693339390494,-0.7996574222976441,-0.547004720844995,-0.04959030788193934,1.3473232416135588,1.8009906006887368,0.4481421446267063,-0.3765947230234853,2.4927388666385184,-0.4275544813295202,-0.5711359143597373,-1.7749430445787269,1.3960915692447435,-1.0168331768556544
0.968245592371294,2.417805536116446,-1.3895233522181258,1.4581708074791095,0.07013551836612739,0.8061002168001363,-1.647777141104471,1.4680818226652972,0.7865167513318304,-0.038910034786217525,0.6451126876611214,-0.7654953010422492,-0.5794400855816993,-0.46344461362539624,-1.852727861690278,0.8617584942033671,1.1915936141825663,-0.7013441497638416,0.3482030159448188,-0.2655404746292363,0.3282739620810305,-0.6275772412110292,-0.8834251560876358,1.0520748860237426,-0.06387058512449259,2.0221089508534758,0.046309964794139964,-0.9260780403504922,1.2269408764359389,0.6308001641460198,6.232099599536397
0.7268728636964236,1.1906006788679186,-0.6527962938457945,-0.12725330898528756,-0.17144983148779322,-1.2907465369156184,-0.2635901501582435,1.3363794578768242,0.237338103793847,-1.3460613278449878,-1.555839411664935,1.6647760587482714,-0.09031901025512999,-0.6474102057016173,-0.2739917648970031,-1.477307754317332,1.4230951495116198,-0.3930529375860296,1.367401527738422,0.05165171444731515,1.4295319745684398,0.2566944990430854,0.853232662869076,0.7190930460883368,0.6232910662519707,0.3479344771827106,-0.2328507161155849,1.9154346915728602,-0.9069369850959007,0.004307642343159692,5.210891505800325
0.01488587520759545,0.4024407533435215,-0.4294726458945011,0.31474630558958777,-0.16884258520296613,-1.5819525174378992,0.009552286256846456,-1.1005653330301517,-1.734385762448901,0.13687332068938496,0.48788334201956646,0.5266980421045764,0.5671707070196942,-1.9325890209406105,-1.3610169279074695,1.9735214368136709,-1.0472087600770361,0.6108410311366891,-0.686937621665846,0.07967273926756446,-0.6332542022735941,0.5615411546196448,0.13677411731669906,-0.4482897736442336,-1.0501721196807103,0.2677741974925111,-1.21271879904259,0.4274810421208385,2.6264849090369,1.350170051262012,-0.34250827043562393
0.7183478868941628,-0.08560729774114767,-1.9387526270035254,-1.3222863959001843,1.2827928561027135,-0.7897560801247798,-0.6992520981640467,-0.16565047568402144,-1.0620462588465547,-1.2267687345516363,-0.050474072781421825,-0.8915294546720363,-0.7410185797788948,-0.781191026147006,0.5223602138344686,-0.23212569049535728,-0.17857196789385368,0.5969458973088833,-0.14203960823294015,-0.27825376845717287,0.47045035557017084,0.668197843557631,-0.14707349950860418,0.0806077756205216,-0.781790229733328,-0.8606830431645255,0.7691475019668077,0.4449420625446217,0.4552984384165761,0.28085434872552223,-5.195038341775685
0.04620327581495357,0.6964118908227692,0.9351087610227838,0.9112280051906476,-0.10077791594598683,1.386992729908838,0.22846068173232117,0.6323761925657985,0.28208789083487973,0.2470067074841741,-0.7357519902503197,0.701350838344826,2.845294394907639,-0.3747950747900833,0.07099471542494816,-0.4462052643472624,-0.48801990156193453,1.5444494781186728,-0.6729710177274647,-0.4740804733663613,-1.5874928237313013,-0.7576117245422473,-1.7083998929533477,0.6318046992119288,2.7996972218373095,-0.36667879365052214,-1.6667579329902373,0.8999996644297332,-0.7269249589301569,1.2993469305535403,10.712159442954702
-0.2820290477899447,-0.6318156890827807,-0.17795755574568647,0.7577767609361872,-0.22742063075565644,-0.49672470279370545,-0.1988316029788718,-1.271855184500885,0.39703160229398016,-1.7867265938449102,-0.44412145436551537,0.7593852088307432,0.3030482829327168,0.5903205729863903,-0.06504567271880911,1.1697461809855167,0.924699196769792,0.44614100424767456,0.927545777313543,0.7504235544035768,-0.43946351334689027,-1.3438989116913336,0.42036212584262383,0.5460892308314287,1.0904719911385654,-0.9363212750452935,-0.9064310592771633,0.45990026630777037,-0.07116698885308664,-1.8857616105711281,-0.17013897597290928
0.37510816375419076,-1.8524229149889546,-0.9452565518733762,1.3516813728601071,1.8248790178071153,-1.2156563684719617,-0.3293915374126943,0.04262252307870598,1.781226927581568,-0.49286894782440155,-0.4768840230332781,1.5487255584628619,-0.374789152718258,0.7222017089664575,-1.4771429651124275,-0.17123274409232622,-1.6595968383264046,-1.0554337809557044,0.8392013551522634,-0.04990539108671263,-0.31910574055297464,-0.7487496239809176,-0.22065607324128275,0.30111316710069364,0.9829162064617618,-2.6251466840968023,-0.8317611742628097,0.15909624218900573,-0.09886311596228586,0.403376242526725,-7.332635718784091
0.26754028612655384,-0.30486786299340723,-0.5268531959871771,-0.2455014897355009,1.1487423498227427,-0.7320079329057144,-0.06280672314395548,0.18334221399842102,1.560350929874458,-0.30030825823631324,0.9588066560109609,1.2319794032650222,-0.06375426499064825,-0.2107189790767625,-0.3290536720482161,-0.25582313424258235,0.8542398605768328,0.2310099772555139,0.2352897091698694,-1.125223510379835,-0.9674900773752345,2.14344682477698,-0.1778257252886896,-0.7747719955783602,1.4310991655892973,0.2818085486835521,0.5781549168645216,-0.1380470752815336,-0.31867309057680415,-0.16958637249729036,-4.234979059007257
-1.3827381702986268,-0.08792740941989748,0.29603307704261733,1.8504632338437539,0.0859990650052155,-2.334177042210305,-0.09398543278462142,2.739504133108306,0.8663662349850397,-0.8108889438085887,0.5911065144305567,-0.7420134248897403,-1.3538075195468575,-0.3483693632340722,0.09152643923886121,-1.8721555024333958,-1.1491592905386359,0.010335563182354726,-0.40817317598895414,0.39481127114609077,-1.2146683273085614,0.7141137485533007,-1.183759097060195,1.64273430193763,-1.7157582843783166,-1.0925542703834126,0.4173708030318292,1.6642332514976381,0.31504303611617074,0.5628579201823911,4.184414251283323
0.01753690167305848,-1.0263984541151934,-0.4901383482393793,-1.2119097199812767,-1.2787099677768716,0.40174891931974643,-1.1231779820879617,0.3195540067233614,-1.3018227522210977,0.29638302011675466,-0.4886825689629625,1.4066155336506445,0.32371889557906497,1.2357828929941415,-0.7556467164251925,0.056143340244167284,-0.9810871581162783,-0.4136052427444181,-0.2621042227446291,-0.7258582206871392,-1.215502858845695,-1.4135173236526528,-2.339748115707397,-1.0563464635034578,0.6274938966718445,-1.598498532013283,-1.368122846253305,1.790898571232915,-0.636496049848254,0.3210460091648358,1.9922604331342044
0.6423171465004947,0.6625261297812802,-1.5223142306080597,-0.23105967989949022,-1.6182272695183921,2.4463178589103234,-1.5948752640156,-1.0478402188698202,-1.0406008548415047,-1.4966604767228804,1.3525939097565454,2.422447901083496,-0.4757491193126174,-1.32042314684441,-2.236925498726021,-0.24410871852210148,-0.31636542316144384,-0.6512961263601446,0.2213752539762284,0.3951731428154863,0.32308325793790066,-0.3161248719684872,-1.101621829574262,0.6658330978067158,0.012513759421530454,0.8883575248346502,0.7900755494722314,-1.4217620690471156,-1.4342222074576032,-0.7555407187405284,3.7347184623470784
-1.056265408290668,0.7552517759761007,0.35130967598791774,1.0991839937853107,0.3964868174109183,0.20864958187336902,1.1997297803441704,0.4697273397350485,0.0681009634377188,1.4804530339306854,0.11518088315279006,-0.30434060491792164,-0.8378232587776496,0.7030254590454112,1.2370505418424689,-0.05058740143343007,1.3079156237798386,-1.970015031971576,-0.0554533748079148,-0.04009491210443619,-0.726994372407347,2.383861037981873,-0.06619263268876116,-0.4077307716044333,0.02596211343350502,-2.0028137385258296,-0.7598679253449151,0.9832399694454041,-0.6289453549327747,-0.8288751628002715,5.7251572367283785
1.3095256365144003,1.340254400951829,0.5169904721611418,-0.4551173340386673,-0.23947106511632352,-0.804149961574959,-0.9947731190286448,-1.0444164883084324,-0.6180544067852075,-1.034720990684745,-1.563705118543149,0.21940266975390574,0.23459558089343707,1.7007927584283167,-0.6683383683547026,0.29610058962327057,0.31271257927480167,-0.2538375611255331,0.7443335887496761,0.7752291868507144,0.32741109519753997,-0.25563970504779554,-0.35753010855453504,-1.3677538987970592,-0.8059177786176916,-0.6220075239016879,-1.123971762429434,0.43992396668766426,1.19662786898701,-0.9080624323291501,1.4822752210891275
0.28344143574463715,-1.0341111395297102,-0.30492217093916213,-0.6903295791777758,0.6018956486064415,-0.6787881738421783,1.0116604137066467,-0.24572077366219902,-0.6496037095948308,-1.253305262345163,0.2532045102953498,0.8952184022261802,0.2733212565368742,2.238831666414424,1.4297874524704182,-0.3075277647170156,-0.31802743380706927,0.4696967194853532,-0.8380191804256851,1.1662883065324867,0.3616005218435837,0.2564589108585328,0.6869536677708163,1.722829883369059,0.17095535218750518,-0.11304037087138435,1.5087196233225784,0.9675504159911353,-0.3209798403837223,0.005186448659020086,-4.3760058409257505
0.19538091593879858,0.36181294460498287,-1.356599850939114,-1.5424846078015602,-0.8873900220024538,-0.9647384430113423,-0.6438240139725026,0.6347106420900043,-0.16892915632473834,0.19639460501018827,-1.2243034100422616,-0.46164220292094515,0.5872576617448404,0.5949524581768018,-0.7245738281879079,0.1616623863795536,2.198847853482332,-0.017597929255638137,-0.6931869461424454,-0.17376238936216024,0.09217710752683304,-0.1511683806905494,-0.03135470067650179,-1.4434467969368396,-0.9626304750859512,-0.14933523707149754,-0.1652679700224367,-0.5661892748600006,-0.17701358607643694,0.06101485541420536,5.243415724159422
0.8894134565245253,-0.09921173522605088,0.3991032052982532,-0.541600301433921,0.5720957235984819,0.3757302976123567,0.8658170031798195,0.7134604624444878,0.5887356228811461,-0.09841740865778026,0.24493922704446816,1.0635089284515264,-0.6520745694027944,-0.6284077786968656,0.18143139795036198,0.41527969026545347,-0.8241064992640045,-0.07476256341330836,-0.09399877422878479,-2.2152801156034707,-0.21959398925875973,-0.1573178328484663,-0.16029294282301915,1.4159142745772682,-1.2157982985088753,-0.8246225712046127,-2.612195798319334,-0.4809166661741407,-0.39564355412600094,-0.5099771763342562,-0.9060476490582423
1.10767733948376,0.8606175223369632,0.07785672426730414,-0.37061305353986224,1.0261896681068639,-0.01975785983585163,-0.8182700389184578,-1.7162486774845516,-0.44131449389568267,0.7546436171726086,2.2765386895430897,0.06161034618947592,-0.7653555151203043,-1.184965208284214,0.5519548963055988,-1.7646160523842684,0.5503451014048882,0.8177116062629123,0.43627945323286405,-0.21966167193855743,0.5649406535468146,0.17093837112829996,-0.7781238418605918,1.8504123223750257,-0.3516793796105163,0.7757523004499094,-2.4186142826957147,1.276470882780929,1.4687637446545818,0.029833787126638218,-6.338664876283921
0.5587710347377585,0.5585151816075627,-0.6427835696407243,0.5471223054393403,-0.8086304698725554,-0.6087569236453261,1.1269431432122987,0.9746576907002027,-0.7063755021157926,-0.7335763435010406,-0.6455966024576721,0.7326395664654908,-0.9999847808103971,0.3567126390359526,0.7468468106342946,-0.08824545029310012,1.0100636968649277,-0.30431016948979245,-0.2138556009939144,-0.9772462311318565,1.0171773476202053,-0.7665204469788703,0.3497718177150592,-0.07131606712593476,-1.0527830631116626,-0.6091031438233208,1.382872239040734,0.20165754263448052,-1.009150341366842,0.30532828734869183,4.976952859195908
-0.1461140315945451,3.4540464022441815,0.2851238413422724,-0.3806248470663645,1.4200279177871042,-1.8410361672928455,0.09432015638109745,1.9944284946810726,-0.11619928435975406,-1.7333010446480788,-0.39591796441059773,1.4545180409590368,0.37606959632077114,-0.8388561095125178,-0.685242807179024,-0.5597002711498134,0.36119788405399617,1.3381961329386531,1.052423012799171,0.45601218210912847,-1.3316447600574832,-1.3279325139934413,0.5332520212137634,-1.3454710979328943,-0.22556702106860427,0.304150446186177,-1.1375939953626888,-1.0242623343588635,-0.09412106456781866,0.5036502875240538,10.660598238349156
1.0615187704137568,0.6070534347705518,0.07365659499219453,-0.7461947535570493,-1.0709069958445192,-0.5108770883291476,0.40993558498056715,0.33662370662734287,-2.0999019857251224,-0.785677028267503,1.2045075516061559,0.07921504780413943,-1.417008913102986,2.3558211815981513,-0.028941732314764643,0.38433395931340797,0.3995247560451345,-0.36759546616018607,-0.7275736818213943,2.1216749850659404,1.0032058696177506,0.8219372011086765,0.5762891917182107,-1.0033173903616845,1.2775301917402737,-0.8431326580117493,0.2832867981506457,-1.6393899054645689,-2.0408588506475196,0.3182912026531147,2.3407226298432686
-0.8090992671949081,-1.9891675712972732,0.5406095029470755,2.120080771050789,1.3895602585800617,-0.2573178852656725,0.00884530669694572,0.8877062567839132,1.1221280198349068,-0.3435357188256987,0.034177715724574294,0.30061480676453645,0.5538763202788318,-0.13307644201126692,-0.12008524506874427,1.3798323297543882,1.2095207024428862,0.4774105734360883,1.7191090700229286,-0.386445762226417,1.6229734486293805,0.5425154435355505,3.2710261222145895,-1.1924819267824778,-0.6893452522173416,0.4187978282005477,0.3972340529789919,1.9501389841750185,-0.6683746832995339,0.9049185186938843,-7.425386097113447
1.1624630046819957,0.7046478322206475,-0.96099634192432,1.407758805254198,1.2293249313154138,0.5995845197903774,0.20434768720895413,0.22610801004437128,-0.07873579223937772,0.6407851342526418,0.031134852944977556,-0.8485249753526413,-1.048591644827592,-0.7520362536522921,0.22213224254945177,-0.026955836435207322,0.21534379328874922,0.500813133546111,-0.6273209259168789,1.4656601683453478,-0.2677108270474744,-0.433426984781509,0.4823862373324524,-1.8365102023750728,-0.7905344497229193,0.981072798691833,-1.7374219290621107,1.1175741969331559,1.5111365663591347,-0.36945533782374834,-3.8161009932427663
0.29181276742631007,1.1190870848510266,-0.4667891880435197,0.8677755205261815,-0.6711487951306716,-0.47760229333317933,-0.7993364643249737,0.3426471991948034,1.1579690525655495,-0.18411293211716429,-1.2712491599124032,-1.0827068222868157,0.3945994213705404,1.8441164133942693,0.39372499931439753,-0.38689655065125267,0.7661839668502841,-0.23949863558674636,-0.3782852173642064,-0.9584591056952636,1.4084488442463559,-2.5392079174956637,0.7978592002792693,-0.4637449377975369,-0.4103407314516127,1.6923151561178125,-0.7141310922000513,-0.6800691540284102,-0.13039423891953036,0.41384738581223823,2.7978228660035933
-0.4418557822928694,-1.5738589305358854,-0.8656981808817654,1.2813338564645194,0.07477678913551145,0.45108728370382206,-0.2614212071730376,-0.6594976961732696,1.677569449875411,-0.18819185705108066,-0.44336987952712686,1.0961423663553396,-0.7223603588673853,-0.5947273437739967,0.010246684016898003,0.00027010408817970173,0.2596113479032144,2.091669089395488,0.33624824635237044,-2.3780539627508004,0.3262989434315609,0.03787999448959883,0.04345002435145766,0.2459473093961707,-0.028678287674799376,-0.052612093055389005,0.6130442097707861,-0.542080797194501,-0.9476863356391756,3.023781452622391,-9.252122956453466
-0.7158574437812334,0.10014291246007646,-1.4956602508753674,0.11646841505142191,-0.9332255506893351,-0.44247294285001093,1.0450646657711238,0.47200956837807373,0.5684095245748191,-1.7712048383918628,1.8368951698290128,-1.191881310941875,1.528560814293865,1.0215438659814862,0.5773327417846801,-0.8549847809083815,0.15158984481952292,-0.4709214106448598,0.029039571505291815,-0.24987225908555988,-2.0386105065724083,1.121784150984588,-0.08110715654936117,-0.484800399502237,-0.5603272328297677,0.3584595763667682,-0.8937563382944722,-2.2551755584740434,0.40712980320827613,0.5191029979568217,8.300997064915771
-0.1996318246776329,-1.1479028751900089,0.08893554088928533,-1.4645323683135887,-1.0272305966876594,-0.7506979365041612,0.8439390708915561,-0.3626109504369171,-0.4478664117764606,1.9546925154112462,0.3524624971887139,0.33899451047482604,-0.3697007452087749,-0.5963716676367777,-2.1864064400171506,0.9687405319235582,0.44830970575637913,-0.17916599321341334,-0.13722670183625574,0.7361442622610551,-1.554710073079853,-0.5898813315538055,-1.1363028628925305,1.7715092824867462,0.8756555318533007,-2.2026926411353642,-1.5137616266399756,-0.1323456733574863,-0.4724402120724247,-1.3243822080768883,0.3199387978979762
1.9447622376504894,0.3125399139825792,0.4748163228630915,-0.6920149492322138,0.7222741471780024,-0.3804327609820118,-0.2833431737074994,0.6110019598252598,-1.6289975650602997,1.5970278598509826,0.1823892147238758,1.2809442087804244,-1.0754197566188184,-0.9231651240281931,-1.1619002215998122,0.2502976726648389,0.06598330191824608,-0.4644118192311805,-1.0140691928852794,-1.2665962697308424,-0.04848390047065598,-0.4655867795886001,-0.6856069923582623,1.5470894861316096,-0.08232567819273391,1.2700429339269252,-0.5332521826826966,0.24477628379865687,-0.055476016256334894,-1.6976223095181227,-4.176602950683113
1.4283383062639128,-0.13515360703241588,0.7464182196329605,-0.7520287224615594,-0.16484438157976464,-0.8668523599233547,1.2359984827633934,0.3114093474506757,0.36705352668088814,1.358184147104979,1.156341296899023,0.7653425361362853,-1.4217273470374627,-0.6956791195166836,-1.0038881360113527,0.7275336936257992,0.1706519417500514,-1.3905124336305947,-0.18874421301122754,-1.4941123357187784,-0.05315648806975988,-1.6553725039871847,0.5288274933846129,0.37796262603407355,1.9079484933468815,0.8478732894973424,-0.42291425582250275,0.818070093274486,-1.3976638809451785,-0.9624726036810854,-4.230218545290625
0.33314253207511,-2.1582496627479273,-0.037160784933883036,-1.0202632921184207,0.10130705515326355,-1.0777363580472634,0.42424813745518875,0.01932742366738962,1.4003659168813305,0.006734534101622121,-0.7686428049614663,-0.2468858558272829,-1.3442363970167315,0.40613725470544,0.5898502463152723,2.469196036692818,-0.6218359906044048,-0.2677945736751827,-0.5757585244382156,0.21211370113122407,0.38169053447961365,-0.05337484442851077,1.0863259168730321,-0.6169795037547775,0.9861740478907121,0.5384978536410825,-0.012029919898946523,-0.31493664075714545,2.4266677587313694,-0.8170086507420794,-9.910206413341932
0.29793317696841465,-0.7502190702421325,1.7856207486213058,0.8868263287992036,-0.6783498788411441,0.5125949934312284,0.2576957212765554,-0.5166247619747387,0.7581642172281733,0.38930539110441015,0.21569871388595227,-0.04191971124232876,0.43105449259965123,0.22938766149245945,0.05909333302501734,-0.6410159159875635,1.6937662407624925,-1.050419943348547,0.427636218879745,-0.3202407423014329,1.7595472694492997,-0.9034825372238406,-0.7352632617603321,-0.9698180632618253,0.3234650509506103,-1.3730506595686418,-0.47852849475776627,-2.152365822854285,0.24042135412809051,-0.5002148587562626,3.295978710985172
-1.488056743931853,1.0856094029740586,-1.3076668983849393,0.7969436900282153,-0.7010408239878044,1.601571377895426,0.7495505389261462,-1.0080478708740281,-0.9170825522103063,0.60552520522431,-0.2623781307101668,-0.16934250702136555,1.2722388617720979,-0.7486888733699565,0.09129377217545448,0.954627793652306,0.8091174883856003,-0.1596126675206725,-0.2889058808526582,-1.7388154625209316,-1.0562449926651958,0.3183592265747336,-0.1378821889422362,0.07492707856622638,1.0392536096340605,-1.1873231090622745,-0.23618030223264996,0.1887109634112177,-0.704159937574516,1.431477113927417,8.354788102539748
0.9085868016131475,0.2901333270887555,1.7942317793285865,-1.4988952796101422,-0.007726281105681772,0.36633696893406104,-0.9145550467939221,0.30071454181772833,-1.106582493787878,0.6905573182742532,1.0578347681289066,0.2723334011283283,-1.8527978150649458,-0.9667935211660346,0.5647100032131608,0.021198643512365802,-2.694002617692488,1.2428303838682404,0.13665650625383235,-0.819074664000045,0.9949555975666642,-0.6775400129068989,-0.6884521176042147,0.3583526510140362,1.7810384592422948,1.6235871779728863,0.35971149890410664,0.46238565885031974,0.791498932084825,-1.256983675369349,-6.598899248339819
0.6441483371519825,-0.7340734681435281,0.3184780667965807,-0.22746762760733732,0.5012083271142144,0.1181034650064601,-3.0730302708212998,0.17889171170518062,0.6421529522992627,0.4459283483384537,-0.10258594620857964,1.642161691930406,0.3113731291216611,0.4376733001931063,1.0444918940505687,0.3625929996965988,-0.8980177534142035,-2.4383374137796223,-0.47712090201808144,0.7609455258811165,-0.35309633141780583,0.8011783722817295,0.148728175920273,1.2880660702621847,-0.2952167071206611,0.46761482656768805,0.5058850645353592,1.501601872631193,-1.706637306334278,-0.4584082745531576,-4.533760923939203
0.8485161053885039,1.545896479778648,0.24007151264208035,-0.29270416442148695,0.7571183686744447,0.868702675231683,-0.3596616786673072,0.3303073121775462,1.1805272624119694,1.8904589932744518,0.7426049592352919,0.044138896665593126,-0.05407517603790821,0.5573965571936229,-0.11567284247945017,0.18964049902238825,-1.0578762645308748,1.297057196491159,-1.1401847271486785,-0.4321117604530126,0.09759326085181382,1.9909868798886388,-0.42268298485232736,-0.6660158139603963,-0.5508169173337938,1.6588971676113125,-2.8123469935060212,-1.002738012148587,2.7312887091595517,0.5908820734916369,0.3331707655421326
-1.10598494933922,-0.04191798217477153,0.06745456606786167,0.8461252459056059,1.8395020028225635,0.38855168127921547,-0.5397883030129608,0.7870844420982043,-0.6982526968628611,-1.0333374959890294,-1.759908871956445,-1.5651283945004009,-0.8964451561242719,-1.177789767700871,0.31323652737471736,-1.1994018258240353,-3.143666302024744,-1.0439117745894657,-0.47185964772141936,-0.6054494878719654,1.5195246793091843,-0.6135425592891501,0.8809234631991979,-0.01898259968086171,-0.042304725672598735,-0.835380288848037,-0.058782651580767155,-0.7650961268974169,0.1700243142545705,-0.2362496326236882,-4.295099067538565
-0.9446279331916002,0.9918943397005953,0.42684048002142533,-0.44806273414224823,0.14549304703531002,-0.08382252150196365,-0.8675909372632739,0.07049622902116384,-0.6210117548073745,-0.9449338356200992,-1.6227673302665249,-0.3586073535386307,0.5669706595837234,-0.6946593533788596,2.5207086921579696,0.8856856536527323,1.3043301326604781,0.7952430120737586,1.8528649749385728,-0.7870019834725421,-2.5607373856586215,-0.44612560835288306,0.5582185755475376,0.15151697174797846,0.2754726109677837,1.3209100026698724,0.3820575744624996,0.7989129275910215,-0.9395627418527589,-1.0953936892160367,0.2828627912843882
1.6141139230244876,0.10090153514706786,-0.6232291834461349,-0.6213944935471182,-0.6491231216382576,-0.7089590210458417,-1.2831478026036598,-1.5004204022205085,-0.19500437765441916,-0.5929258703203995,1.1071592854432952,0.29307665326691656,0.2653176800779831,-0.7431204075544506,-0.1210284157799757,0.36100110363144033,0.7161957397126754,-0.09389182651836551,1.079123779324209,0.007989308907942713,0.7928471185176799,-0.4898522085891503,-1.8125883665686418,0.26835898801852265,0.7253240631466256,0.5753473318075695,0.42218666143744,-0.3485869659549873,-0.8067462514455923,0.5517282690437805,-0.2352254958254183
0.42644741619827503,-0.5608990908438263,1.1094241891920569,-0.8828655145476005,-0.5835233787910404,1.636425212341665,0.8685819377339127,-0.3580093058910226,0.2873807096435505,0.15479224452383833,-2.7456138649773782,-0.9064739494733817,-0.050846617109281525,-0.3566114765593062,0.24710256483042056,1.12948231294792,-0.32153578465392746,-1.0576547961228648,0.32485165851104525,-0.3266233335678035,-0.15606350082190265,-0.29177371915307865,2.2418378000109858,-2.240704260997945,-0.38833390313264615,-0.0036890256483920517,-0.7811424922827788,0.899825832128283,0.8132576787196394,-0.04775461848854061,-2.0609551532070283
-0.27067375534369414,-0.111956834231647,-0.10478665364781072,-0.07837302812576266,-0.1879991015167995,0.2524493145923928,0.7532120648278651,-1.2302601475985768,-1.050663899233149,-1.7485180294835236,0.8663974003575995,0.25032329319046315,0.5052675159327706,-1.4294982383634685,1.7849481228801383,-0.6088509081453577,0.16820580711125588,0.8543846606783719,-0.9869797557960719,-0.5463243585126668,0.17917177460087425,2.857473075464706,0.3011247428520243,1.6063611506307183,1.2056731451919556,0.36801003649451874,-0.9891957716306787,1.059753610818235,-1.498110341648047,1.600875123677092,-0.027465972144308015
0.2000053082182553,-2.650223547298176,-0.34050609503183893,0.6539478209229405,-0.2370238730397667,0.7150058109935733,-0.8500241677122955,-1.3059823727876074,-0.07144540304760538,0.031565667289914785,-0.3483843510623214,1.2272911466421925,-0.8502073751390576,0.31316560733234944,0.06796997116362523,-1.5567159521360834,-1.3190301836685123,0.011911016248631409,1.981199998686964,0.579269811898811,-1.7256348251446327,-3.1104880651193376,0.7330535930043798,-0.09621348292819902,1.1412659695103695,-0.8807179207114415,0.3502124978585262,0.8461734630278627,-0.44746363820648183,-0.4260855702310654,-8.437625977345848
0.025262831098390486,0.5426763465603288,-0.014334004511910938,0.9739963377594865,-0.46193518926703,-1.3283952054631096,1.9769753681131799,-0.6046337365424463,-0.5684420837177473,-0.06580332107218435,0.06718110965398118,-0.38668364248828285,-0.01743389694900904,-0.03976223142817396,0.17481932702080696,-2.357487458987316,1.8808763070078494,-0.14728831353455754,0.5806226194469853,-1.3781013415340242,-0.4710002612492502,-0.6723158663204145,1.4697237645085452,-0.5858136068358828,0.7580799869400913,-0.6504204526731951,-0.45261893965394406,-0.24555016520068595,1.2838451268293003,-1.8898526590301186,2.3835488601619534
-1.3156635552744327,-1.9473051656898168,-1.0875021197614503,-0.8116000511921072,-1.614481254090389,-0.734147746614669,-2.014714480933415,-1.0179887237676812,1.2004203999102006,0.40358807028110283,0.18746767217252772,-1.0027785562791145,-1.536084959044724,-1.1391560755342807,-0.043209826896014984,0.8681767797266683,0.9023674171353204,0.630612362483333,-0.7375568640679442,0.024549832403988035,-0.3213425300372459,-0.20118976349475026,2.037127896959813,-1.7620002370036125,-0.23467681592226086,1.2117489071961567,-1.4658914950335382,-0.6437474252662504,-0.5290384975676395,-0.2232897220539845,-8.39612969489975
-1.5959571596062172,0.5952860603380394,0.6662872825131441,0.5083753250179477,-0.8703736742910814,0.08651079078729512,-0.8994402395690875,-0.3325966607715127,2.153467927170878,0.09569537759625597,-1.1875265759871734,0.18033534066391385,-1.3517959260633097,-1.1990103925150117,-1.041123135948791,-0.4443094521956835,0.9369689955892015,0.5783981980168391,0.5229953282473283,-1.0989245655905424,-0.5413143554356487,0.27200110688318835,-0.6283199853884129,-0.2783664403010984,0.4413586925299495,-0.348772681201302,0.22605958910202525,1.5927284560195685,-0.17185879898699755,1.1793378097192062,-0.3196208602684313
0.5593700673073582,-1.4672419934867666,-1.1021370292635242,-0.8335958830698964,-0.8548349169327834,-0.0902897461068142,0.6146440480818223,1.2551584167047227,0.30817508872508226,-0.4456795560532098,-2.0822412436298743,0.07058957541733794,0.025770193694991287,0.18292875353895768,2.1062402977033328,1.2405965461930721,0.7850609182499858,-0.9620771300715998,-0.5129947491967435,-0.09484460692850216,-0.7754071240103536,0.5004645249851181,0.35690884921570454,-1.0883077930546925,1.1968167090961244,0.1023103338088603,-1.7290711467422513,-0.051342858344969454,0.28120645592290483,0.9727923614357405,0.521551713834964
-0.3374764031266163,0.8279382674472072,0.1871419867702157,-1.3150546090375794,-1.4151667734825137,1.1225598701493487,1.195984178381769,0.32290923040472297,1.4957067211800286,1.0566098490416067,0.6836287294797211,-0.9113114887336718,1.7314287510323434,0.536301432208273,-0.38583877461162164,-0.668270005305298,0.2567837815138569,-1.6710590848384548,0.6996732753528626,-0.9535708146940268,0.37060810882428674,-0.5216203373581595,-0.26441871272470363,-0.7569098727650648,-0.16122943118080152,1.889379546017354,1.3850596270486406,0.3544789549954567,-0.025294265564952366,0.844201190692885,7.079849860587163
1.1299703941075565,-0.8298183822075292,-0.0774388676322022,-1.8219582295680803,1.123102110260895,2.0650242577008555,0.0800826246230855,-2.1250101249030164,0.6088905165770311,-0.9040891661490803,-0.66334944166446,0.6265763897910038,0.2545541255127244,-0.4881087753386017,-0.6496056326016644,0.12583605522083274,-0.4094655525123675,-1.1092371336030074,-0.33256318147836006,0.33959262325518413,-0.17810346681963335,-1.4135085982481852,0.9890646213755394,-2.7388114369433336,-0.4463651550284352,-0.6201984545539159,0.14817887787141484,0.5616618078027354,1.1267648082610353,-0.7124048733521602,-8.71914721072974
0.5865823373334818,0.1958183878814611,-1.7115393751832233,1.9005402554341098,-1.4387751272401994,0.41949727230971495,0.3899599441977477,0.2756367823290771,-0.4945768821616075,0.8272526511405023,-1.5603674739430955,-0.06582878867392292,-0.5638746765524585,-0.6772979420670315,0.42874778745354575,1.0774785427196831,-0.34325576183686607,0.7806810899257774,0.04974066544459848,-0.8927322092380086,-0.25795209324106383,-0.2994858907916149,-0.6966599125054466,0.42848292865583376,0.23464618770475926,-1.590649698269418,-1.6515259952393577,0.4246844532057544,-0.8152864287945346,0.302041155100324,5.536654460672954
0.7809315781091883,-1.2709528374055592,-1.411537254576185,1.6744316823952952,0.351570782962459,-0.41924065667327093,-0.9339404526462636,-0.5104408489072796,-1.1905723361133103,0.8834121740905903,-0.7767511536063209,1.093534588216267,-0.40062891977001125,-1.0433501836173147,-0.4263015880138014,-2.624166777501417,-0.12076857667400692,-0.17011919113015858,0.8247427465479676,-1.8863049279833795,1.1618663608635478,0.820599294997656,1.2520435636986627,-0.05272137600413741,1.0138968341027554,-1.4712440349069051,0.713047565204533,-0.7711627620999453,-1.6514018324229363,-1.1241405181643607,-4.750844577194959
0.005531138629270573,-0.8242992082176034,0.37607353169579993,-1.8082375550040173,-2.1270975436158617,1.372387434143576,0.9038001294014344,-1.0492968359138075,-0.002999643470539514,1.0195070602013239,0.41920060829060546,0.1482230961834784,1.095154081312597,-0.7307124752012204,0.0311784486646287,-0.017848638292391635,-0.27276204767104256,-0.3898055114207521,0.07286823782849074,0.03440749598552754,-1.0484276425345258,0.8017959099004475,-0.9763852077662583,-0.2182334445471739,-0.2952804727200515,0.35810361265921586,-2.119103940217333,0.8909098149294582,-0.6769903476121641,1.2199632947770542,2.5031360866371264
-0.4781649245161544,-0.04884358573401051,1.9137860400684237,-0.27733820879366844,1.2388498846734588,0.03904508556456009,0.4154188302934896,0.0699585894113745,0.8478516263001241,-0.6855316128530513,-0.9840485230191854,-0.6385761903770217,0.09971037632409105,-0.22081878555032944,0.7102748764711765,1.30473169982152,-0.9758383372350086,-0.7339487916139326,-1.436239418312854,2.030372990759104,0.30466949912182684,0.47980232005157775,-1.3402083850310482,-0.0011699890068746332,0.5092479844130853,-0.252757690534425,1.0757056248263945,2.3118311256428297,-0.9470628270939518,-1.0220872459766968,-1.569550741414208
-0.8777560655285767,1.6061991600164907,1.0423553170296844,-0.13552781779364848,0.03655966440087428,-0.8165436261967214,0.8900271577431841,-0.3799018241085537,-0.2600765394549993,0.6087897715292568,-0.18799493808322118,-0.2349659934978464,0.010575205529075074,0.7953554137930766,1.6464930754838332,0.585486232246082,0.803314223624267,-0.19985406210112439,-0.707797863168717,0.6539862322351151,0.17124082460057136,-1.4226286487497493,-0.32806962342559803,-0.08289702348155359,-0.5104578670284787,1.4817355945421273,0.47983903690221674,1.3731749178886479,0.26342526165215957,0.08138783642507771,1.0587295033669306
-0.9365978176102492,0.01192953319656672,0.013053925675440194,-1.3671138840342332,-0.5395274697703949,-0.3232825985163624,0.41347954405572146,0.46135011198570613,-0.5813184819652049,0.46886960254188487,-0.182078929348517,-2.8696200248549566,-0.4847020319515423,1.0789886401423785,-1.6818057566276796,0.11269120041554022,1.585261214185287,-0.7606129530104807,0.002149080427685861,-1.3040162572279212,1.627231141663572,-0.08333262699661428,0.04662684279401815,1.3543004655056223,0.6614783946454811,-0.8756287324967398,-0.6472779240873159,0.49493130452329864,-0.62412105506294,-2.117243312120527,4.197159103815551
-0.05324079863907779,-1.4802126611248094,1.616281753563726,0.1767876377631527,-0.9051750567435755,-0.6986324146624537,-1.8893975878739204,-1.0994618867805037,1.0163232025406992,2.2317861454923915,0.7263965131989585,-0.09204253862102917,-0.4319593756539166,-0.9564958135763623,2.0597658993397405,-0.1887487018643749,2.1156298300625043,1.393519509610061,-1.7407964313462736,-0.6659523957592918,-0.6690451241738223,-0.07984636410573946,-0.060314253113753484,2.996239095398143,-1.0772278744747588,0.22896993566438997,0.6165077424678032,-0.0015720044691961827,0.11018057778135802,-1.0448088943065872,-6.775556900480951
0.10648619460268177,0.5113989961743719,0.3276005842711286,0.5702009039120914,1.412607900636232,0.9369665419143417,0.07129461349743696,-1.171758351883278,-0.6000052747111194,-0.21963115191741533,0.25234583134144734,-0.4783327614993951,-0.9357331991843516,-1.188198689120337,-1.651177759055531,-0.23495070377456886,-1.469665442070305,-1.0005256841573922,-0.3939018728443025,-1.3359173093914338,0.37975218849869696,0.7402230636056872,-0.5494270197753985,-0.43702730761000175,0.5374297701390774,-0.713995097234679,-0.7827339115972951,1.1964984781862904,0.8841877387127871,0.6015500023439195,-3.478677915632324
0.9256446213940929,-1.977278725367363,1.3538355467931074,0.3920621165837422,1.010781384005735,0.3871617791163626,0.048924824680156194,-0.2753092123620546,0.36714437688620544,-0.3117479089045521,0.8678761000651124,-1.5864566445522004,-0.5415758617942777,2.0448232484766464,-0.6260804635723924,-0.23868372306347801,-0.8825809333500763,0.3358456728858239,-0.7362648901421949,-0.1856109348070501,0.8488665360350706,-0.6987634188148159,0.7886111192652209,0.8222293155603565,1.0549560947192937,0.14054099491804029,3.2412590769767857,1.054533696542082,0.32487762440682655,-0.8759244140817352,-11.37313522859929
-0.09705912587414098,1.426326976900034,1.7095346156262687,1.4783291004402292,0.7851923067296196,-1.255660206295572,0.4871618178256701,-1.2414023780529977,-1.4874711933807585,0.23915868457723857,0.5231994472697504,0.9033770984808047,0.49713624038609394,0.5315859857427483,-0.9846525849923764,-0.10497668468466637,-1.5071167856344878,-2.0033691294001956,0.7406427098430741,-0.7531243937909587,0.8724985021430535,1.1083475778800387,-0.6193173246231977,0.5903110945552991,-0.6611567286136416,-1.845878874626824,0.1233094044424584,-0.4708738797157607,-0.44008901058713173,1.9753431178455254,3.9429806916336836
-1.5258569827326718,0.38287113537147105,-0.9948072371447515,0.9082614092673243,0.2984312361750658,0.3793443491806136,-0.9448896176022599,-0.7655879132883234,0.9272505073458861,1.7707977217275628,0.48030781722418714,-0.8974207207714328,0.33893852246206824,2.4274720443376094,0.1024228107189117,1.4618408593935994,-0.740329365838712,-0.04208605163638678,0.6195652061255426,0.3973283082628641,-0.7663886801111608,-0.8095174571305996,0.9882844031026585,1.191550812650145,1.51214355812192,1.8039304832528678,0.13461943632259646,-0.3111992442315934,1.3509909387784689,0.7130692818515867,-3.425950017183005
-0.9824552586675914,-1.0336356655189114,0.4919302013563091,-0.17727466148399962,-0.02642995474069754,1.0725333647101947,0.7590371449850357,1.3298732484184317,-1.9315361063733665,0.2533979172212008,0.6946885223972068,-1.526585856687684,-0.6548956413099721,-0.840485162328919,0.021698171059916185,1.6278539686940638,2.0225894046649007,-0.8142875530732823,0.5265572504935742,0.5587978521423151,0.38762577151474775,0.39897963473923403,0.30374250245132806,1.6875701208064198,1.1024665143680576,-1.0601538975982672,0.7957210808805493,0.8923733745114522,0.3149672871517889,1.1314243705027294,-0.8353284985742062
0.18807403429903718,0.20046772107625074,0.1212405446770433,-2.018244085799669,-0.080398393905874,-0.6682505744545707,-1.1864479781925572,1.4340182847395226,0.5042075185344578,-0.029831080944547807,-0.5648033511024263,0.2961695846287402,0.9914360933175131,-0.8269658435469408,-0.0048283722766100075,0.8680664988511725,-1.93600112908413,-0.05756976240540404,-0.4292913705475386,-0.13382985775503398,-0.501628556371903,0.1376246052072956,1.923627220422718,-0.323922473928551,0.29171100909410663,1.9947464184091128,-0.5500155783725553,1.814675348928969,0.005323006627107235,1.7818962258649262,3.374029074564987
0.7502011249463191,0.3071083625824217,-0.06563068188658654,-0.6240414398792106,0.07579154996435276,0.8973614590200242,-0.013111430996670575,-0.3166228050618577,-0.2507825341777729,0.9924766135830533,1.2251614550998557,-0.6671505137683704,-0.6685878574474897,0.3793589196671123,1.5275320647572548,1.14599030831256,-1.2518522121799116,-0.2640759699918621,-0.9306035546895123,-0.26751252191525826,1.6044099960353544,-1.4226006487830172,-1.6188652932801901,-0.8285541534336024,0.2873106025759928,0.6207548206407568,0.4374484348615332,1.1756854032310164,-1.7630855942339292,1.188336538358937,-0.7402735563917631
-0.3120953200462915,0.7314943098048676,-1.3234254267632044,0.004956697009070176,0.23627077058901358,1.1557510374984181,-1.5852546226077653,0.03075254853490416,-1.085235291142143,0.5054960442082751,0.7772165364561262,1.2871702425080878,-0.5350294543083745,0.9272264856887904,1.3609015874770531,-1.6432469698554668,0.6123449200984505,0.958511253780106,-0.2587263863874374,-1.2107735775251085,0.9429557561096632,-1.1995088275577568,-0.17835143451090235,-0.040124057803329026,0.7155380517039994,-0.6266315595125326,-0.684583688827855,0.09891547876311091,1.0063904776197492,2.287450000653147,2.6125678350509136
-1.5074811997787745,0.3153420177865781,-1.0865350262342919,1.0188112432067427,-0.938544547309233,-0.6746482181823238,-0.5892708590639962,-0.07619893871980389,0.32319759685870747,0.4837013936085136,-0.0057675461827832435,-1.3298910224405813,0.7277861503101892,-0.05295866366302793,1.1617347900146988,-0.7077387794799367,-1.6022747273509945,-0.03402600268307527,1.295952688284265,0.1609421366160508,-0.19966979917285654,-0.8703470176574332,1.7577664666808224,-1.0296025948847793,-0.72539425762824,0.5700341960840228,-1.8560206898867897,1.2745906653813397,0.6241931142173556,0.8992310718111097,3.4964512361517044
0.5581170119496541,-0.16112351745637007,-1.063148710155423,-0.14007544122496063,-0.9752363117526348,0.4861553100763835,0.8067798305481017,1.4768086311982076,0.3717676405528632,0.9245753565951862,-0.2971447372301422,-0.47827713800819477,0.47367189081680144,-0.3864728727169088,0.2691857888276577,-1.061192189335421,-0.8816276824763011,0.6354093010182902,0.8866900754060961,-0.9856561689666805,0.6706143105064207,-0.5327356730352747,0.016505176200309918,1.416944415790647,0.8074872340229485,0.7958719880221928,1.9087903584569665,-0.7038793410497978,-0.9858749749925457,-0.7221222702285907,4.645501163337478
-0.25450105340661505,-2.3545506142918935,-0.20742823669681038,-0.5445707318949119,0.783759767397799,0.35241937901004006,-0.600696627769337,0.5899608453629039,0.7232630598237696,-0.7685457897914107,-0.49302425538241845,-2.2253631870979826,-1.0906599743692849,-0.7424695604235784,0.07416617660602177,-0.9453826793598152,-0.513451987049109,-1.225330681582599,0.17111389853127063,0.4257145945849076,0.40236534841982236,0.01236113190525933,-1.5410729965013943,-0.6199536638928509,-0.4073066723184845,-0.4032953129206253,0.07498121798983637,1.4255413723710189,0.8120962126845997,-0.9875177798486946,-10.537708587616802
0.6784028752966336,0.6403023676657362,-0.8060674729515649,0.848865922635439,-0.16037663594526336,-1.4099534900144448,0.45520272463714184,0.2169618236145243,-0.22767762918582773,-0.03745308498329951,-0.719085478888462,0.6101305037971094,-0.04345063450892596,0.16644884394822793,0.3571419244288725,-1.154585614426325,-0.894283021882052,-2.2099444596162092,0.564742258490407,-1.2122100237467663,0.1325697098956523,0.3709882249395528,0.6023528388925202,-1.2040169138360592,-0.06516161814069105,1.670280420787749,1.7143146799843163,0.9873230940269508,0.3374931388188395,-1.0051063888453775,-0.8801823643094447
0.718621625391053,-0.15802122874684088,0.5605282752728444,-0.6328434548521167,-0.17293311283992888,0.16414736007642475,0.2462780914938584,0.4937227144602481,-0.5791949845248994,-1.3432844521102028,1.6247850398997947,2.489254169023358,0.44742071120237864,-1.3239920947301105,-0.7731951168428768,0.509117569050969,1.341115611681286,-1.2128906345418562,-0.12433282084890122,0.19593206444396905,0.8645784512858746,-0.34360109440037934,-1.5638146913219246,0.6211975594529023,1.124795965171238,-0.08259146174516069,0.40524009130643124,-0.47449122942707067,-0.8457727947258943,1.0264256805472187,0.8088818334220516
0.38749584781446095,0.49036859940188254,1.502115147994613,-1.054842334318573,-0.5520262681594221,0.15793334883469554,-0.5643132377612419,0.7831365352724501,-0.18739922090398406,-0.9925328074971896,0.06577167518766158,0.17033877080678794,0.9346820628963304,0.39314090314742434,0.46114639135983565,0.3202916840072248,-0.18822252129193043,-0.7162191151112647,0.288838351659376,-0.33312476588364065,1.6898226204410154,1.3421822947732187,0.6328391323516083,0.3784669392929856,-0.08795905098117711,-1.261123731347135,-0.2161722233219656,0.10140003340525669,0.2294564744446623,0.4695363670158261,7.771230060503113
0.9213301978776851,-0.6921540716928671,-0.6830756072090113,1.4508566797431588,0.7709815891931486,-0.3907709421333212,-0.10721116895223676,-0.10271394667489854,0.03157412228138299,0.47268309223861316,2.534992746099831,0.18975656116265244,0.6625981504252507,-1.6864767061901427,-0.484899992778835,1.2288150027166052,0.40231539135661587,-4.389114584864837,0.6740232023161967,1.918164394628769,-1.9959075861197932,1.5193876756455122,-2.771955630625928,0.9379989450534133,-0.008648626012240201,-2.3499712152446164,0.4461378272397865,1.1508397491520586,0.36388700382157313,0.584827637059613,1.0434770927411279
-0.41167611233906165,-1.861389755221022,0.6918640223370642,1.7497539194462957,1.129580854227459,-1.9878758296013461,-1.5148944072109338,-0.8459677417973405,-1.5929754512801433,0.044189919556039105,0.3934158051805228,-1.4302532832423676,0.7771284592755282,0.601103944020014,-0.5481591248437031,-0.17252198598398413,-1.9498011756530316,-0.3322621562870741,0.007384974130325764,0.16874759522818958,0.37887691202017393,0.24424174323057224,-0.26434369726567053,0.2861949425543167,1.002031993310248,-0.09549807330964437,0.31759489083167675,-0.18617106266411843,-0.6467589164795713,0.5228796669176042,-9.989748775847803
-0.5552259441702052,0.38614690099219057,0.02825537151004551,-0.3039346765201432,-0.3281428321466607,-0.5081209924156869,-1.6458011720890138,0.38289509516169207,0.2315468252783205,0.8496702524484937,-0.5314569023067949,1.8953836254766674,-0.3797359478496331,-0.8751096421946959,-0.9936849198426648,-1.7339224032296623,1.5326278923931278,1.371067390768662,0.600745162884758,-0.8960888077757798,1.8112676815591198,-0.35171916152165594,-0.26902583122665236,1.437259080436076,0.6589105844808723,2.2011031387545934,0.24872226031901956,-0.3970307995787248,-0.6118048834597958,-1.846996177190627,-1.5154185413475796
-0.27859577280620446,1.1445933388273806,0.5988341726560692,0.020308006560405812,-0.9949344438163292,0.22687301801273724,1.0128137051953732,0.4307192564699845,0.16673516963335916,-0.796957653281206,0.8671818141120127,-3.131904818744181,0.382845708865145,2.5703219809445987,-1.508373387331847,-0.241369454701366,-0.00791099012472641,-0.4625828140565771,1.0363742425589795,0.472451014355301,0.1523003725473193,0.7972725611692801,0.0167507090717422,3.179864488823514,0.15134693365674112,0.19528209848970435,-1.7104680495732754,-0.5434503273034238,1.1473776817998096,-1.3354568503598725,8.761773323987224
-2.157557174301955,0.03231547118757482,1.370744507474978,0.042381228696125636,-0.3361246026263436,-1.85848793774098,0.45225412270219334,0.6612751088830449,-1.7817324991011003,1.1345324486972188,0.7656955258921091,1.1323159425473455,0.5835250918333419,0.6536827088113185,0.5207208987017389,0.8684723215011957,-1.8187577691239185,-1.5010594336215146,-0.7360079001897717,-0.12982017167255325,0.3881369233081794,0.32468165322885006,1.1171058114560313,1.148495298580351,-0.8723851082937929,0.23857611005047125,-0.8478315477218382,-0.18824703835356665,0.32179136904849476,-3.4087120764716907,4.175355222149835
2.4112440396396844,0.5664086773974751,-0.595703275413406,1.927369755230228,-0.3474311704861944,0.13251938582805775,-0.48711581039762725,1.6519918374433393,-0.10498470630588037,0.14948410073950924,1.2037821530254462,0.5851394574610765,-0.054348065134071935,1.110390972357463,2.538483229427952,0.3174104487994213,0.11676008787256639,0.17062708361908155,1.3104295008315177,-0.5991977350329224,-0.278317559711661,-1.5374429491266413,-1.1838678626399737,-0.5178000026979704,-0.05593699406042271,1.7690833257701195,0.5359928049252244,-0.9120785101897938,-0.7279804853641153,1.3747486832306544,2.183014457329119
1.1266103486291923,0.028149910224203063,-0.44252646553883224,1.1249328357046429,-0.9933271267246865,0.39203039805752304,2.2726589908933312,0.20535568225145748,-0.7756094792616043,0.4103687026715378,-0.4700087190153476,-1.3941158437534145,0.7010360268721068,1.1178344005497223,-0.31090667207257267,-0.37723567409627334,-0.9615653911218296,-0.1499356004675666,-0.5623683829231909,-1.0110326867032555,1.892168830399606,0.4664928167495073,0.5723951080293523,0.8833995689324271,0.7710362167598054,-0.4131099527967148,0.2725526229714672,-0.2690304842606603,0.43846362477666,0.3416908859581642,3.7024790545678705
-0.3826602608642019,-1.3292987229217992,0.14623705696550768,-0.20426948780729892,-1.8903722477087583,0.5076617688887175,0.9653421122427754,2.5283564752089505,-0.39119750332066106,-0.5387118965490677,-1.1094210304392413,0.2086419064870071,0.2023181805583551,-0.8112963347867491,-0.1749298820038401,-1.9786656668893567,0.9263767478332465,-0.7706792596721668,-0.03465635141297929,-1.426693421297779,-0.5823535994615734,-0.2795911535175272,-0.011290846960830136,0.4797325155225118,1.4390750834862203,0.7327109427693562,0.9621645431462449,1.4461041099431382,0.5697078815226975,-0.03670719561899534,5.094939995421784
1.0091119062550553,1.0730092859616567,0.6485658379660353,-1.454627597036103,-0.8414601530946475,-0.274854104030484,0.7796210207358992,-0.021346419070559747,1.1368686334505633,1.3152366287442812,1.1991704686772062,1.2055405644802868,-1.0369939046587182,0.4826354994557758,-0.6075290409554163,-1.6490663313591984,-0.2874711320558362,1.3247369656272514,0.4607420101184635,2.017809371605892,0.17723014526811154,2.4478027535929074,0.17752122551705124,0.022480296153736364,-1.2793900879214963,1.1105627402927678,-0.5021251289404789,-0.647047639408727,1.281230563762572,1.1582226687959571,-0.980404264601251
1.132051367210679,-0.36219113405498116,-0.05097586530525164,-0.059854397695851456,0.7825181806723981,1.55356466849423,0.36814655519840694,1.9748910853573585,0.8971944180330614,-0.23479939411441825,0.8287114061289749,1.7059402787087732,1.9982889833413344,1.1868913445990807,0.025674453657999224,-0.21669325405592046,0.5760695035613909,1.6739744952710462,0.4337691222144516,0.4545318718688109,0.05139785431709231,-0.3278910626312124,-0.1621345066439178,0.13542598524553,1.7180999962398222,-0.23971377853080178,0.05261207591138063,-0.8653776604065087,0.7166310664731552,1.3666791787182826,6.377895646827122
1.6244978459567558,0.20336452469571042,0.5743542832792355,-0.15355032217003803,0.5280186796945225,0.3139651524992144,0.05826438725148733,0.13775369227712947,0.45192228339364876,-0.29415243484556425,-0.2424967920780333,1.7073620136715535,2.710546768846383,-1.2043669485340438,-1.2594712043760588,-0.9571528278081498,-0.10328841503855507,0.895780511037257,0.591252942048272,0.17203113678046833,0.5289355469578989,-0.6920861566283695,-0.2441227717526189,-0.020094548375796818,-1.5842163388718526,-1.161310204722596,-1.121566061277659,0.7641082236837743,0.24535494857241638,0.611061200073943,7.029584261612356
-1.8396549898024643,-1.4835666860516032,0.6632154402564954,-2.778669641666051,1.2246293575998046,-1.82331714352279,0.8433448919249784,-0.8885846247569626,1.0489037151715825,3.208160913916495,-2.2731776301211255,0.6953771478606484,-1.8081627135937397,0.4267689222175041,-0.20677216355189393,0.1297823224618433,-0.911686276328237,0.7805411094965004,-1.448357837970381,1.2416372628987402,-0.40925030661018263,-1.4026906774030896,1.5949368233406982,-0.06734265280915312,1.9076359704420263,1.2213561293133421,-0.798145704786435,-0.0849898009367489,0.12103793966357433,1.5263031999864394,-13.090417620015693
0.437517713367115,0.17629262109645927,-0.1998795870983077,-0.0505570358546391,1.3045920856783244,0.0037053507974743488,-0.3949972712981747,-0.5645071656136869,-0.553765153836162,-1.402095996042765,-0.750375308326479,1.498420275650323,-0.20659926056749658,0.7044116685560984,-2.4787565179008344,0.5683113089658791,-0.16135270436911373,-0.48144002289050875,0.18095995742113172,-0.4958252538120278,-2.123874919888356,0.9222479411719373,0.24301756134819305,-0.3139424547478518,-0.9661853720724374,-1.469857516107135,0.2238927070680576,1.613440960225359,0.2031664767410382,-1.382761606092826,-3.725412833675325
0.22511672703840255,-0.053342962246727924,0.8640436260742304,0.6067331774117265,-2.9858225341099236,0.5452422044284568,-1.0034794095040838,-1.421728741448699,-0.18847341037356372,0.41097110903001155,-1.6407346102868243,0.7045764170575515,0.7633388475315999,0.046976196299497744,-0.8676236302270486,-0.979378004189292,1.0259321315802274,-1.5112226864959049,1.0644704608191784,-0.1651991591304367,-0.09583449964285712,-1.708087705413325,-0.1467166301285866,0.6135855160113759,-1.3364100878519811,0.4986358672518455,0.08901225367902267,-0.6437556138323068,0.8546730864913044,-2.202256768978556,6.594953602826552
0.346680748743709,1.6194351580732922,1.4399431391006616,0.3898067205385225,-0.3016807761308459,-0.6358025565476308,-0.30292579390564206,0.5438072479179061,-0.8072438054594162,0.757423818050381,2.133160518003324,-0.061883235127395034,-1.3443948032833053,-1.3447447463164128,0.7765655517115755,-0.05974617896044361,0.876830896064053,-0.5336342491593495,0.8306235475398316,-0.15829917344972547,-0.7325040553239491,-0.4009984788023845,-1.1970543554232365,1.9893595585816115,-0.09638181355848706,0.644514088682196,-0.5368691328707993,-1.0519278219798232,-0.23388051091793519,1.1011925333791985,2.5664119237384577
-0.5207317913982836,-0.8705319727294154,0.1554642443691435,0.4990226007177441,1.642848168853183,0.35375047837249485,0.643992678531235,0.7192752369203216,-1.1530153819326303,-0.9633320704695443,-1.0838962896056503,-1.3321457556916456,0.7954598748704036,0.29005009166375534,0.07949606309144953,-2.5927165154022687,2.0554768586186185,-0.8942720041535557,2.0518127559389576,-1.449241480651316,-0.8124011585565369,-2.20284938250963,0.3621249759426975,-1.1012568208112323,-1.0730001540983543,-1.3725142171743974,0.777355062737863,0.7114636515675471,1.8120338910787854,-0.6857066210729733,-1.9462883948602219
0.21881937104680035,-1.2893351974019516,-0.33503902273531805,-0.5188453132811776,0.46444995749542084,1.017021806418191,0.9910666908314999,-0.8428122722176108,0.9984679046229995,-0.044085137107797066,-0.32459689589701496,-0.7085114868189184,-0.559935794361552,1.7423138461962333,0.30741076649402355,0.17461184750120493,-0.26224685853694674,2.4459786114380284,1.3050104888464247,-0.7210621147987927,-0.2736150547046242,-0.21424454337091037,0.14587197828259946,-0.7012259926314353,0.43881652336169663,1.4520881320393144,-1.3136281090041633,-1.128146737092067,-0.48315855529730695,-0.43679556010782966,-11.326026986802637
1.9984658747459307,1.0017092200148388,0.9443223521182641,-0.2643656935134005,-0.2863134067868141,-1.4517054137653986,0.7817402280478173,0.49105460480878543,1.2859973646782836,-0.2108297133561673,-0.1417791462003969,0.17004552856063573,0.8918975755070955,-1.470215622097479,0.7360561337383746,-0.020495562172830533,-1.0586372679536964,-2.0846057526540664,-0.1364737118783534,1.44771298327407,1.674684666741395,0.3553762106700964,1.9620056638422476,-0.04294108295674488,0.9533035516427811,-0.45123088890642726,-0.5145988392841486,-0.6775091168806363,-2.0605289471243124,1.2870922599469117,7.839578371854333
-0.6416324391380163,-0.8014387797551964,-1.1799716816126755,-0.20435943653628302,1.7634923105597426,2.0937788508227175,-1.6608668758020833,-0.35444799597628235,-1.0343577700936986,0.9883377412115197,0.2865935472939267,-0.636569327379835,0.072573080591019,-0.4774186214077085,1.6142460943748966,0.5469595150160383,0.669823420916438,-2.6669174780328975,-0.06678867882881083,2.083210959059034,1.3261290700366843,-1.8470895859203031,-0.3134258326835941,-1.2015194659187214,1.7111015603628703,0.2442782822759085,-0.767795559731436,0.03415794354078901,-2.607365529068484,-1.0849613034565766,-6.981672769759017
0.03644372582630957,0.8456753684533224,-1.9413141205973408,-0.38115530770242934,1.0096857385188218,-1.4514533243732721,0.2291828347841731,0.06597450310600346,1.7143803203566024,-0.23013619311163766,-0.17160059837507027,0.8549597531646885,-1.3263486680493446,-0.22088320655085864,-0.45572501084051054,-0.13891181270510022,0.848406448962838,0.5541614850821731,-0.7486823085286762,0.13669920332721244,1.4904416141005241,-0.8313656987973053,0.1451667803970126,-0.19316067693862857,-0.06300501583677695,-1.6306576222494007,1.4107628543122044,-0.7743519008881833,1.0260719701535328,-0.6213766080475112,1.4447130302851507
-0.6255046518957602,1.2131232504654668,0.9938846034779243,0.20866589896398288,0.7611505498063198,-0.28855278025639997,-0.008367627718889919,-0.6616243924638191,0.9040649493002597,-0.6934133311673524,1.4851563449378529,-0.31583416831982436,0.020508564016334337,0.7587280206543343,0.023864421189582014,-0.2979083142853102,-0.03002344780847147,0.8938183535575839,-0.6628522221367055,-0.12623700727326478,0.010286727337475357,0.8645851955276563,-0.09984537387143656,1.808299094493722,-0.1565385777150951,-0.23768363840527992,-0.17103212161773174,-1.3166414286580101,-1.036726846758685,-0.5306668897390933,1.9552640317501744
1.1358298488501297,-0.03312605936201012,-0.48464418961570654,1.2265347456065954,1.5511771328922608,1.2553824609077604,-0.8530899972351577,-0.49524862019365573,1.813736070314719,0.24113969200002205,-0.26762706489607857,0.7183479613308372,1.0072990673581124,-0.5714495709282644,0.21943995861993149,0.9265600692170585,-1.1602871459598532,0.012345457426139817,-1.1143896530507154,-0.9835804969268109,-0.5631000774803041,0.47711953787947037,-0.32202262863813463,-0.6484181249684061,0.051554563324959245,-1.1469627282664296,0.4288032178339101,1.13138676195831,-0.07920404098801156,-0.2026489933002083,-1.526161815033506
0.3734403532155694,-2.028469418831545,0.5368174565978674,3.1018858037448633,-0.12267622111472039,-0.11912503371633071,0.7436070000996834,1.645332668197962,0.974967844434135,-2.1556068785835505,0.5633988376627469,2.5719301452416747,0.6224410467594651,-1.1546019132717495,0.281829624418614,-1.280687251341067,1.2328036892688596,-0.9558825880279255,0.07424363469202304,-0.8577800019918477,-0.546448057547991,1.486150645860495,0.1034571648936973,-0.5592024737257201,-1.1452279708867228,-1.8717014863994363,-1.2512806335226867,0.11195924144437792,0.9802337687226637,-0.5603514924222011,0.3559410479009615
1.5705436007190146,-0.7175004222282269,-0.2380117228798793,-1.079576720337252,0.9907617345678559,2.097510614044568,-1.7618169609361978,-0.3461620686346983,1.264779847050035,-1.4469455214256013,0.5666839069710864,1.2214722002075706,0.07822881435683716,0.5502630709401326,1.7609023861276074,1.9484265541011465,-0.06196721303448301,-0.5323778492992332,-0.9199801110736965,0.9769641504287125,-1.3717755577909683,-0.25257403799120237,0.10268977095446595,-0.5030025127187545,0.2798202650191239,2.564513318292758,-0.12159859034654243,-0.43540562742738964,1.0153318243818528,0.23958364414552194,-10.29565534602326
1.4393357712113763,0.1646876198197184,-0.2484232079710333,-1.7837248880945553,-1.61973469381174,-1.8356986904271027,0.37933916628423964,-1.3622494798674596,1.255577365919383,0.030246564855953728,-0.24418691910166884,-0.8438550752043381,0.6222587482702062,-0.8044978195424114,-0.9853780040698807,1.1883499206053487,0.3546211607750226,-0.23492942824827223,0.6414329847337166,0.008931873110698613,0.38301315045168366,-0.816847902375455,2.0703986089106223,-0.579619967676225,1.5560163269499772,-0.18886884930447648,0.8070971156549623,0.7342234990261364,1.1468517551500457,-0.8406237071641448,5.216847396017717
1.075635401278862,1.8464398509114404,-0.2586929792418571,0.034706067142122404,-0.5234466424801542,-0.34643625218509994,1.7114227989324904,-1.0042345261302041,-0.942118821850772,1.610900936414377,0.6245484258883623,2.1203702490425242,-0.45043863782585325,0.12628113723756937,-0.6606769437718044,0.14330116864769596,-1.7740966972843037,0.6849545566550082,0.3234740834923381,-0.057554662465918886,-0.39036432459966475,-0.8947539873680995,0.7277129120327611,-1.1710899857034065,0.5118959120492431,2.0744513948094574,1.4855214886442982,-1.5051279426706532,-0.5367380603433028,0.4214507405553377,0.15949763219141022
-0.07028192201435018,-1.399405718282421,0.3853159514734912,-0.010016895116299348,1.9143254086037818,-0.2532287026174467,1.168003385326591,-1.2670884031299756,-1.0280092978965083,0.72166195980949,1.0837307806073746,-0.9573927260743923,0.02407740648391172,-1.3815791735290779,-0.1812198263054794,0.8369227856241259,-0.4349584991361448,-0.2490347059438028,-1.1297953982960518,-0.6483584136249257,1.7581109162143385,0.07292489171713287,-1.0023077666505982,-0.3147719499179916,-1.5974276211665621,-1.0141596921402123,1.3603397390464533,-0.14248242438660505,1.890730176101206,-0.09534783849605591,-8.210350100544442
-0.035978696191495935,0.6408941585421234,-2.672587582219401,0.20493932365357484,-0.04898648806095168,1.4860388935151474,0.9646793941636173,-1.1336916855468007,1.2421386186275805,-0.26231452558099516,-0.9044532262960451,0.1971032508712023,-0.2027693556638182,1.5384653140285238,0.3406220284912099,0.2056589208860058,0.9006470828554398,1.092871618092712,0.7836050942972992,1.4194634728149536,0.6086824129137884,0.1676514647267018,1.2391720620880293,-0.09089614008213873,0.033246516344661574,1.7215769172969146,1.6219241279552312,-0.008175806923322827,-0.45355157730561674,1.4631735002084985,-2.498882255749197
0.8004183579152141,0.315581254197363,-0.32187271018994457,0.3316965787145939,-0.02170845988770261,-0.6643381795729958,0.12904232858723516,0.2654240456396075,-0.375395066920231,0.9038256886095176,1.288832392310989,0.9698976936554127,-0.27624838521399475,0.7558215041883719,0.07796139746004017,-1.2357459785659517,0.6727293784977457,0.14613164095694817,2.5935480020693076,1.45727086327856,0.7111501569345241,0.24917050128817964,0.16372225505801816,-1.0036894036331077,-1.7389872271999107,-0.8725591090815651,-0.047717018170430385,-2.105539278208984,-0.5443217922727491,-0.24761303312442595,2.5097732922081586
-0.21542655348545797,-0.6617235981881447,-0.3415138143814004,1.7238938281238618,0.662145281490603,-0.5603007768981497,-0.06834778836196333,-0.0283133356522669,-0.7679554337401511,-0.7691302177438546,1.010524020326713,-0.419784377516816,-1.0946963870308715,-0.04314034406944269,0.1180097531291236,-1.9727042241938353,-0.04074635781719302,0.8679799343482604,0.45122938552183306,2.229795115194971,1.251109482312179,1.4489340247508535,2.8000859359143266,0.7581562617745978,0.16307020793270105,0.973740293431332,-0.5592364333949937,0.10768631949496932,-0.6477276430783137,0.39798455756288165,-7.867308806640236
-0.6519090880198202,-0.6869284998617177,0.4134732931055044,-0.13771144078056718,-1.927521135716747,-1.4555569213120896,-1.1472664914614634,-0.8829719061139744,0.4144233294786382,0.21893884707163588,1.065279371699199,0.7528018229417711,1.0719029561826579,0.6083961914591229,0.20967930909148969,1.0993517422876555,0.9194127917400996,0.3760953675539912,1.2710718708601423,-2.3457882425033967,-0.29046317414044986,-0.305790465651731,1.1526828774815703,1.5713949969507695,-1.4501793702102626,1.411167174149276,-1.171445186026269,-1.1412152455608227,-0.2342857023273647,-0.3182064721325846,2.0707765640817453
-1.5584172797168765,0.6498779734925669,0.6794024247266021,1.0540415961636707,-0.43345532977786516,-0.039582714972448675,-0.030427164902642686,1.6879954414684644,-2.834244782633218,-0.9569443489891034,0.005540842791797656,-1.085570234915503,-0.2583203572711174,-0.12607553636990937,-0.6576861087924688,0.06446892610267248,0.6281492777578134,-0.23626644503100197,-0.45319473396873566,-0.16576491665387216,-0.007436346645589392,-1.740319565334422,0.46155391796127865,-0.4510012294467944,1.2615350748110512,0.5910534756424747,1.1700664042196551,-1.0110037937149083,-0.37138664118742654,-1.2424584874574092,4.601308277268627
-0.7051912089293261,1.2521054245085916,1.4874905779224952,-1.1481332948044598,-0.45827766831728356,-0.07619567202394918,0.5856056418097813,-1.7598102635364925,-1.6030000815284384,0.4896261438724024,-1.9490385689179244,-0.44679740613887026,0.16209180855884073,0.4156659699331173,-0.14171809554383202,-0.3657567190475306,0.8445708597164794,0.28520592636575753,-0.6470166219514599,0.037722896682238334,0.3831690226561928,1.7182372414513813,0.7863236682915793,1.2145568559539437,-0.61060739629963,-0.5241829062550026,-0.2353799928129901,-0.143572646638164,-1.0080249578028904,1.2659336265568182,2.50801501669644
